food_number,food_name,cal
01001,アマランサス　玄穀　,358
01002,あわ　精白粒　,367
01003,あわ　あわもち　,214
01004,えんばく オートミール　,380
01005,おおむぎ 七分つき押麦　,341
01006,おおむぎ　押麦　,340
01007,おおむぎ　米粒麦　,343
01008,おおむぎ　大麦めん　乾　,339
01009,おおむぎ　大麦めん　ゆで　,122
01010,おおむぎ　麦こがし　,391
01011,きび　精白粒　　　,363
01012,こむぎ　［玄穀］　国産　普通　,337
01013,こむぎ　［玄穀］　輸入　軟質　,348
01014,こむぎ　［玄穀］　輸入　硬質　,334
01015,こむぎ　［小麦粉］　薄力粉　1等　,367
01016,こむぎ　［小麦粉］　薄力粉　2等　,368
01018,こむぎ　［小麦粉］　中力粉　1等　,367
01019,こむぎ　［小麦粉］　中力粉　2等　,368
01020,こむぎ　［小麦粉］　強力粉　1等　,365
01021,こむぎ　［小麦粉］　強力粉　2等　,366
01023,こむぎ　［小麦粉］　強力粉　全粒粉　,328
01146,こむぎ　［小麦粉］　プレミックス粉　お好み焼き用　,352
01024,こむぎ　［小麦粉］　プレミックス粉　ホットケーキ用　,365
01147,こむぎ　［小麦粉］　プレミックス粉　から揚げ用　,331
01025,こむぎ　［小麦粉］　プレミックス粉　天ぷら用　,351
01026,こむぎ　［パン類］　食パン　　,264
01028,こむぎ　［パン類］　コッペパン　　,265
01030,こむぎ　［パン類］　乾パン　　,393
01031,こむぎ　［パン類］　フランスパン　　,279
01032,こむぎ　［パン類］　ライ麦パン　　,264
01033,こむぎ　［パン類］　ぶどうパン　　,269
01034,こむぎ　［パン類］　ロールパン　　,316
01035,こむぎ　［パン類］　クロワッサン　　,448
01036,こむぎ　［パン類］　イングリッシュマフィン　　,228
01037,こむぎ　［パン類］　ナン　　,262
01148,こむぎ　［パン類］　ベーグル　　,275
01038,こむぎ　［うどん・そうめん類］　うどん　生　,270
01039,こむぎ　［うどん・そうめん類］　うどん　ゆで　,105
01041,こむぎ　［うどん・そうめん類］　干しうどん　乾　,348
01042,こむぎ　［うどん・そうめん類］　干しうどん　ゆで　,126
01043,こむぎ　［うどん・そうめん類］　そうめん・ひやむぎ　乾　,356
01044,こむぎ　［うどん・そうめん類］　そうめん・ひやむぎ　ゆで　,127
01045,こむぎ　［うどん・そうめん類］　手延そうめん・手延ひやむぎ　乾　,342
01046,こむぎ　［うどん・そうめん類］　手延そうめん・手延ひやむぎ　ゆで　,127
01047,こむぎ　［中華めん類］　中華めん　生　,281
01048,こむぎ　［中華めん類］　中華めん　ゆで　,149
01049,こむぎ　［中華めん類］　蒸し中華めん　　,198
01050,こむぎ　［中華めん類］　干し中華めん　乾　,365
01051,こむぎ　［中華めん類］　干し中華めん　ゆで　,140
01052,こむぎ　［中華めん類］　沖縄そば　生　,284
01053,こむぎ　［中華めん類］　沖縄そば　ゆで　,147
01054,こむぎ　［中華めん類］　干し沖縄そば　乾　,351
01055,こむぎ　［中華めん類］　干し沖縄そば　ゆで　,148
01056,こむぎ　［即席めん類］　即席中華めん　油揚げ味付け　,445
01057,こむぎ　［即席めん類］　即席中華めん　油揚げ　,458
01058,こむぎ　［即席めん類］　即席中華めん　非油揚げ　,356
01059,こむぎ　［即席めん類］　中華スタイル即席カップめん　油揚げ　,448
01060,こむぎ　［即席めん類］　中華スタイル即席カップめん　油揚げ　焼きそば　,436
01061,こむぎ　［即席めん類］　中華スタイル即席カップめん　非油揚げ　,342
01062,こむぎ　［即席めん類］　和風スタイル即席カップめん　油揚げ　,451
01063,こむぎ　［マカロニ・スパゲッティ類］　マカロニ・スパゲッティ　乾　,379
01064,こむぎ　［マカロニ・スパゲッティ類］　マカロニ・スパゲッティ　ゆで　,165
01149,こむぎ　［マカロニ・スパゲッティ類］　生パスタ　生　,247
01065,こむぎ　［ふ類］　生ふ　　,163
01066,こむぎ　［ふ類］　焼きふ　釜焼きふ　,385
01067,こむぎ　［ふ類］　焼きふ　板ふ　,379
01068,こむぎ　［ふ類］　焼きふ　車ふ　,387
01070,こむぎ　［その他］　小麦はいが　　,426
01071,こむぎ　［その他］　小麦たんぱく　粉末状　,437
01072,こむぎ　［その他］　小麦たんぱく　粒状　,111
01073,こむぎ　［その他］　小麦たんぱく　ペースト状　,159
01074,こむぎ　［その他］　ぎょうざの皮　　,291
01075,こむぎ　［その他］　しゅうまいの皮　　,295
01076,こむぎ　［その他］　ピザ生地　,268
01069,こむぎ　［その他］　ちくわぶ　　,171
01077,こむぎ　［その他］　パン粉　生　,280
01078,こむぎ　［その他］　パン粉　半生　,319
01079,こむぎ　［その他］　パン粉　乾燥　,373
01150,こむぎ　［その他］　冷めん　生　,252
01080,こめ　［水稲穀粒］　玄米　　,353
01081,こめ　［水稲穀粒］　半つき米　　,356
01082,こめ　［水稲穀粒］　七分つき米　　,359
01083,こめ　［水稲穀粒］　精白米　うるち米　,358
01151,こめ　［水稲穀粒］　精白米　もち米　,359
01152,こめ　［水稲穀粒］　精白米　インディカ米　,369
01084,こめ　［水稲穀粒］　はいが精米　　,357
01153,こめ　［水稲穀粒］　発芽玄米　　,356
01085,こめ　［水稲めし］　玄米　　,165
01086,こめ　［水稲めし］　半つき米　　,167
01087,こめ　［水稲めし］　七分つき米　　,168
01088,こめ　［水稲めし］　精白米　うるち米　,168
01154,こめ　［水稲めし］　精白米　もち米　,202
01089,こめ　［水稲めし］　はいが精米　　,167
01155,こめ　［水稲めし］　発芽玄米　　,167
01090,こめ　［水稲全かゆ］　玄米　　,70
01091,こめ　［水稲全かゆ］　半つき米　　,71
01092,こめ　［水稲全かゆ］　七分つき米　　,71
01093,こめ　［水稲全かゆ］　精白米　　,71
01094,こめ　［水稲五分かゆ］　玄米　　,35
01095,こめ　［水稲五分かゆ］　半つき米　　,35
01096,こめ　［水稲五分かゆ］　七分つき米　　,35
01097,こめ　［水稲五分かゆ］　精白米　　,36
01098,こめ　［水稲おもゆ］　玄米　　,20
01099,こめ　［水稲おもゆ］　半つき米　　,21
01100,こめ　［水稲おもゆ］　七分つき米　　,21
01101,こめ　［水稲おもゆ］　精白米　　,21
01102,こめ　［陸稲穀粒］　玄米　　,351
01103,こめ　［陸稲穀粒］　半つき米　　,355
01104,こめ　［陸稲穀粒］　七分つき米　　,358
01105,こめ　［陸稲穀粒］　精白米　　,357
01106,こめ　［陸稲めし］　玄米　　,164
01107,こめ　［陸稲めし］　半つき米　　,166
01108,こめ　［陸稲めし］　七分つき米　　,168
01109,こめ　［陸稲めし］　精白米　　,168
01110,こめ　［うるち米製品］　アルファ化米　一般用　,388
01156,こめ　［うるち米製品］　アルファ化米　学校給食用強化品　,388
01111,こめ　［うるち米製品］　おにぎり　　,179
01112,こめ　［うるち米製品］　焼きおにぎり　　,181
01113,こめ　［うるち米製品］　きりたんぽ　　,210
01114,こめ　［うるち米製品］　上新粉　　,362
01157,こめ　［うるち米製品］　玄米粉　　,395
01158,こめ　［うるち米製品］　米粉　　,374
01159,こめ　［うるち米製品］　米粉パン　　,255
01160,こめ　［うるち米製品］　米粉めん　　,265
01115,こめ　［うるち米製品］　ビーフン　　,377
01116,こめ　［うるち米製品］　米こうじ　　,286
01117,こめ　［もち米製品］　もち　　,234
01118,こめ　［もち米製品］　赤飯　　,190
01119,こめ　［もち米製品］　あくまき　　,132
01120,こめ　［もち米製品］　白玉粉　　,369
01121,こめ　［もち米製品］　道明寺粉　　,372
01161,こめ　［その他］　米ぬか　　,412
01122,そば　そば粉　全層粉　　,361
01123,そば　そば粉　内層粉　　,359
01124,そば　そば粉　中層粉　　,360
01125,そば　そば粉　表層粉　　,358
01126,そば　そば米　　　,364
01127,そば　そば　生　　,274
01128,そば　そば　ゆで　　,132
01129,そば　干しそば　乾　　,344
01130,そば　干しそば　ゆで　　,114
01131,とうもろこし　玄穀　黄色種　　,350
01162,とうもろこし　玄穀　白色種　　,350
01132,とうもろこし　コーンミール　黄色種　　,363
01163,とうもろこし　コーンミール　白色種　　,363
01133,とうもろこし　コーングリッツ　黄色種　　,355
01164,とうもろこし　コーングリッツ　白色種　　,355
01134,とうもろこし　コーンフラワー　黄色種　　,363
01165,とうもろこし　コーンフラワー　白色種　　,363
01135,とうもろこし　ジャイアントコーン　フライ　味付け　　,435
01136,とうもろこし　ポップコーン　　　,484
01137,とうもろこし　コーンフレーク　　　,381
01138,はとむぎ　精白粒　　　,360
01139,ひえ　精白粒　　　,366
01140,もろこし　玄穀　　　,352
01141,もろこし　精白粒　　　,364
01142,ライむぎ　全粒粉　　　,334
01143,ライむぎ　ライ麦粉　　　,351
01166,穀類混合品　五穀　,357
02001,＜いも類＞きくいも　塊茎　生　　　,35
02041,＜いも類＞きくいも　塊茎　水煮　　　,28
02002,＜いも類＞こんにゃく　精粉　　　,177
02003,＜いも類＞こんにゃく　板こんにゃく　精粉こんにゃく　　,5
02004,＜いも類＞こんにゃく　板こんにゃく　生いもこんにゃく　　,7
02042,＜いも類＞こんにゃく　赤こんにゃく　　　,5
02043,＜いも類＞こんにゃく　凍みこんにゃく　乾　　,167
02044,＜いも類＞こんにゃく　凍みこんにゃく　ゆで　　,36
02005,＜いも類＞こんにゃく　しらたき　　　,6
02006,＜いも類＞（さつまいも類）さつまいも　塊根　皮むき　生　　,134
02007,＜いも類＞（さつまいも類）さつまいも　塊根　皮むき　蒸し　　,134
02008,＜いも類＞（さつまいも類）さつまいも　塊根　皮むき　焼き　　,163
02045,＜いも類＞（さつまいも類）さつまいも　塊根　皮つき　生　　,140
02046,＜いも類＞（さつまいも類）さつまいも　塊根　皮つき　蒸し　　,140
02047,＜いも類＞（さつまいも類）さつまいも　塊根　皮つき　天ぷら　　,221
02009,＜いも類＞（さつまいも類）さつまいも　蒸し切干　　　,303
02048,＜いも類＞（さつまいも類）むらさきいも　塊根　皮むき　生　　,133
02049,＜いも類＞（さつまいも類）むらさきいも　塊根　皮むき　蒸し　　,132
02010,＜いも類＞（さといも類）　さといも　球茎　生　　,58
02011,＜いも類＞（さといも類）　さといも　球茎　水煮　　,59
02012,＜いも類＞（さといも類）　さといも　球茎　冷凍　　,72
02050,＜いも類＞（さといも類）　セレベス　球茎　生　　,89
02051,＜いも類＞（さといも類）　セレベス　球茎　水煮　　,85
02052,＜いも類＞（さといも類）　たけのこいも　球茎　生　　,103
02053,＜いも類＞（さといも類）　たけのこいも　球茎　水煮　　,96
02013,＜いも類＞（さといも類）　みずいも　球茎　生　　,117
02014,＜いも類＞（さといも類）　みずいも　球茎　水煮　　,110
02015,＜いも類＞（さといも類）　やつがしら　球茎　生　　,97
02016,＜いも類＞（さといも類）　やつがしら　球茎　水煮　　,93
02017,＜いも類＞じゃがいも　塊茎　生　　　,76
02018,＜いも類＞じゃがいも　塊茎　蒸し　　　,84
02019,＜いも類＞じゃがいも　塊茎　水煮　　　,73
02020,＜いも類＞じゃがいも　フライドポテト　　　,237
02021,＜いも類＞じゃがいも　乾燥マッシュポテト　　　,357
02054,＜いも類＞ヤーコン　塊根　生　　　,54
02055,＜いも類＞ヤーコン　塊根　水煮　　　,44
02022,＜いも類＞（やまのいも類）　ながいも　いちょういも　塊根　生　,108
02023,＜いも類＞（やまのいも類）　ながいも　ながいも　塊根　生　,65
02024,＜いも類＞（やまのいも類）　ながいも　ながいも　塊根　水煮　,59
02025,＜いも類＞（やまのいも類）　ながいも　やまといも　塊根　生　,123
02026,＜いも類＞（やまのいも類）　じねんじょ　塊根　生　　,121
02027,＜いも類＞（やまのいも類）　だいじょ　塊根　生　　,109
02028,＜でん粉・でん粉製品＞（でん粉類）　キャッサバでん粉　　　,346
02029,＜でん粉・でん粉製品＞（でん粉類）　くずでん粉　　　,347
02030,＜でん粉・でん粉製品＞（でん粉類）　米でん粉　　　,366
02031,＜でん粉・でん粉製品＞（でん粉類）　小麦でん粉　　　,351
02032,＜でん粉・でん粉製品＞（でん粉類）　サゴでん粉　　　,349
02033,＜でん粉・でん粉製品＞（でん粉類）　さつまいもでん粉　　　,332
02034,＜でん粉・でん粉製品＞（でん粉類）　じゃがいもでん粉　　　,330
02035,＜でん粉・でん粉製品＞（でん粉類）　とうもろこしでん粉　　　,354
02036,＜でん粉・でん粉製品＞（でん粉製品）　くずきり　乾　　,356
02037,＜でん粉・でん粉製品＞（でん粉製品）　くずきり　ゆで　　,135
02056,＜でん粉・でん粉製品＞（でん粉製品）　ごま豆腐　　　,81
02038,＜でん粉・でん粉製品＞（でん粉製品）　タピオカパール　乾　　,355
02057,＜でん粉・でん粉製品＞（でん粉製品）　タピオカパール　ゆで　　,62
02058,＜でん粉・でん粉製品＞（でん粉製品）　でん粉めん　生　　,131
02059,＜でん粉・でん粉製品＞（でん粉製品）　でん粉めん　乾　　,353
02060,＜でん粉・でん粉製品＞（でん粉製品）　でん粉めん　乾　ゆで　　,84
02039,＜でん粉・でん粉製品＞（でん粉製品）　はるさめ　緑豆はるさめ　乾　,356
02061,＜でん粉・でん粉製品＞（でん粉製品）　はるさめ　緑豆はるさめ　ゆで　,84
02040,＜でん粉・でん粉製品＞（でん粉製品）　はるさめ　普通はるさめ　乾　,350
02062,＜でん粉・でん粉製品＞（でん粉製品）　はるさめ　普通はるさめ　ゆで　,80
03001,（砂糖類）　黒砂糖　　　,354
03002,（砂糖類）　和三盆糖　　　,383
03003,（砂糖類）　車糖　上白糖　　,384
03004,（砂糖類）　車糖　三温糖　　,382
03005,（砂糖類）　ざらめ糖　グラニュー糖　　,387
03006,（砂糖類）　ざらめ糖　白ざら糖　　,387
03007,（砂糖類）　ざらめ糖　中ざら糖　　,387
03008,（砂糖類）　加工糖　角砂糖　　,387
03009,（砂糖類）　加工糖　氷砂糖　　,387
03010,（砂糖類）　加工糖　コーヒーシュガー　　,387
03011,（砂糖類）　加工糖　粉糖　　,386
03012,（砂糖類）　液糖　しょ糖型液糖　　,271
03013,（砂糖類）　液糖　転化型液糖　　,307
03014,（砂糖類）　氷糖みつ　　　,265
03015,（でん粉糖類）　粉あめ　　　,381
03024,（でん粉糖類）　水あめ　酵素糖化　　,328
03025,（でん粉糖類）　水あめ　酸糖化　　,328
03017,（でん粉糖類）　ぶどう糖　全糖　　,335
03018,（でん粉糖類）　ぶどう糖　含水結晶　　,336
03019,（でん粉糖類）　ぶどう糖　無水結晶　　,367
03020,（でん粉糖類）　果糖　　　,368
03026,（でん粉糖類）　異性化液糖　ぶどう糖果糖液糖　　,276
03027,（でん粉糖類）　異性化液糖　果糖ぶどう糖液糖　　,276
03028,（でん粉糖類）　異性化液糖　高果糖液糖　　,276
03029,（その他）　黒蜜　,199
03022,（その他）　はちみつ　,294
03023,（その他）　メープルシロップ　　　,257
04001,あずき　全粒　乾　　　,339
04002,あずき　全粒　ゆで　　　,143
04003,あずき　ゆで小豆缶詰　　　,218
04004,あずき　あん　こしあん　　,155
04005,あずき　あん　さらしあん　　,385
04006,あずき　あん　つぶしあん　　,244
04007,いんげんまめ　全粒　乾　　　,333
04008,いんげんまめ　全粒　ゆで　　　,143
04009,いんげんまめ　うずら豆　,237
04010,いんげんまめ　こしあん　　　,155
04011,いんげんまめ　豆きんとん　　　,249
04012,えんどう　全粒　青えんどう　乾　　,352
04074,えんどう　全粒　赤えんどう　乾　　,352
04013,えんどう　全粒　青えんどう　ゆで　　,148
04075,えんどう　全粒　赤えんどう　ゆで　　,148
04014,えんどう　グリンピース（揚げ豆）　　　,423
04015,えんどう　塩豆　　　,364
04016,えんどう　うぐいす豆　,240
04017,ささげ　全粒　乾　　　,336
04018,ささげ　全粒　ゆで　　　,145
04019,そらまめ　全粒　乾　　　,348
04020,そらまめ　フライビーンズ　　　,472
04021,そらまめ　おたふく豆　,251
04022,そらまめ　ふき豆　,263
04076,そらまめ　しょうゆ豆　,196
04023,だいず　［全粒・全粒製品］　全粒　国産　黄大豆　乾　,422
04077,だいず　［全粒・全粒製品］　全粒　国産　黒大豆　乾　,414
04024,だいず　［全粒・全粒製品］　全粒　国産　黄大豆　ゆで　,176
04025,だいず　［全粒・全粒製品］　全粒　米国産　黄大豆　乾　,433
04026,だいず　［全粒・全粒製品］　全粒　中国産　黄大豆　乾　,422
04027,だいず　［全粒・全粒製品］　全粒　ブラジル産　黄大豆　乾　,451
04078,だいず　［全粒・全粒製品］　いり大豆　黄大豆　,439
04079,だいず　［全粒・全粒製品］　いり大豆　黒大豆　,442
04080,だいず　［全粒・全粒製品］　いり大豆　青大豆　,435
04028,だいず　［全粒・全粒製品］　水煮缶詰　黄大豆　　,140
04081,だいず　［全粒・全粒製品］　蒸し大豆　黄大豆 　,205
04029,だいず　［全粒・全粒製品］　きな粉　全粒大豆　黄大豆　,450
04082,だいず　［全粒・全粒製品］　きな粉　全粒大豆　青大豆　,431
04030,だいず　［全粒・全粒製品］　きな粉　脱皮大豆　黄大豆　,451
04083,だいず　［全粒・全粒製品］　大豆はいが　　,442
04031,だいず　［全粒・全粒製品］　ぶどう豆　,289
04032,だいず　［豆腐・油揚げ類］　木綿豆腐　,72
04033,だいず　［豆腐・油揚げ類］　絹ごし豆腐　　,56
04034,だいず　［豆腐・油揚げ類］　ソフト豆腐　　,59
04035,だいず　［豆腐・油揚げ類］　充てん豆腐　　,59
04036,だいず　［豆腐・油揚げ類］　沖縄豆腐　　,106
04037,だいず　［豆腐・油揚げ類］　ゆし豆腐　　,50
04038,だいず　［豆腐・油揚げ類］　焼き豆腐　　,88
04039,だいず　［豆腐・油揚げ類］　生揚げ　　,150
04040,だいず　［豆腐・油揚げ類］　油揚げ　生　,410
04084,だいず　［豆腐・油揚げ類］　油揚げ　油抜き　生　,288
04085,だいず　［豆腐・油揚げ類］　油揚げ　油抜き　焼き　,398
04086,だいず　［豆腐・油揚げ類］　油揚げ　油抜き　ゆで　,177
04041,だいず　［豆腐・油揚げ類］　がんもどき　　,228
04042,だいず　［豆腐・油揚げ類］　凍り豆腐　乾　,536
04087,だいず　［豆腐・油揚げ類］　凍り豆腐　水煮　,115
04043,だいず　［豆腐・油揚げ類］　豆腐よう　　,189
04044,だいず　［豆腐・油揚げ類］　豆腐竹輪　蒸し　,126
04045,だいず　［豆腐・油揚げ類］　豆腐竹輪　焼き　,139
04088,だいず　［豆腐・油揚げ類］　ろくじょう豆腐　　,347
04046,だいず　［納豆類］　糸引き納豆　　,200
04047,だいず　［納豆類］　挽きわり納豆　　,194
04048,だいず　［納豆類］　五斗納豆　　,227
04049,だいず　［納豆類］　寺納豆　　,271
04051,だいず　［その他］　おから　生　,111
04089,だいず　［その他］　おから　乾燥　,421
04052,だいず　［その他］　豆乳　豆乳　,46
04053,だいず　［その他］　豆乳　調製豆乳　,64
04054,だいず　［その他］　豆乳　豆乳飲料・麦芽コーヒー　,60
04055,だいず　［その他］　大豆たんぱく　粒状大豆たんぱく　　,360
04056,だいず　［その他］　大豆たんぱく　濃縮大豆たんぱく　　,361
04057,だいず　［その他］　大豆たんぱく　分離大豆たんぱく　塩分無調整タイプ　,388
04090,だいず　［その他］　大豆たんぱく　分離大豆たんぱく　塩分調整タイプ　,388
04058,だいず　［その他］　大豆たんぱく　繊維状大豆たんぱく　　,383
04059,だいず　［その他］　湯葉　生　　,231
04060,だいず　［その他］　湯葉　干し　乾　,530
04091,だいず　［その他］　湯葉　干し　湯戻し　,161
04061,だいず　［その他］　金山寺みそ　　　,256
04062,だいず　［その他］　ひしおみそ　　　,206
04063,だいず　［その他］　テンペ　　　,202
04064,つるあずき　全粒　乾　　　,348
04092,つるあずき　全粒　ゆで　　　,159
04065,ひよこまめ　全粒　乾　　　,374
04066,ひよこまめ　全粒　ゆで　　　,171
04067,ひよこまめ　全粒　フライ　味付け　　　,419
04068,べにばないんげん　全粒　乾　　　,332
04069,べにばないんげん　全粒　ゆで　　　,121
04070,らいまめ　全粒　乾　　　,351
04093,らいまめ　全粒　ゆで　　　,152
04071,りょくとう　全粒　乾　　　,354
04072,りょくとう　全粒　ゆで　　　,137
04073,レンズまめ　全粒　乾　　　,352
04094,レンズまめ　全粒　ゆで　　　,170
05001,アーモンド　乾　　　,587
05002,アーモンド　フライ 味付け　　　,606
05040,アーモンド　いり　無塩　　　,608
05003,あさ　乾　　　,463
05041,あまに　いり　,564
05004,えごま　乾　　　,544
05005,カシューナッツ　フライ　味付け　　　,576
05006,かぼちゃ　いり　味付け　　　,574
05007,かや　いり　　　,665
05008,ぎんなん　生　　　,171
05009,ぎんなん　ゆで　　　,174
05010,（くり類）　日本ぐり　生　　,164
05011,（くり類）　日本ぐり　ゆで　　,167
05012,（くり類）　日本ぐり　甘露煮　　,238
05013,（くり類）　中国ぐり　甘ぐり　　,222
05014,くるみ　いり　　　,674
05015,けし　乾　　　,567
05016,ココナッツ　ココナッツパウダー　　　　,668
05017,ごま　乾　　　,578
05018,ごま　いり　　　,599
05019,ごま　むき　　　,603
05042,ごま　ねり　　　,605
05020,しい　生　　　,252
05021,すいか　いり　味付け　　　,546
05022,とち　蒸し　　　,161
05023,はす　未熟　生　　　,85
05024,はす　成熟　乾　　　,344
05043,はす　成熟　ゆで　　　,133
05025,ひし　生　　　,190
05026,ピスタチオ　いり　味付け　　　,615
05027,ひまわり　フライ　味付け　　　,611
05028,ブラジルナッツ　フライ　味付け　　　,669
05029,ヘーゼルナッツ　フライ　味付け　　　,684
05030,ペカン　フライ　味付け　　　,702
05031,マカダミアナッツ　いり　味付け　　　,720
05032,まつ　生　　　,669
05033,まつ　いり　　　,690
05034,らっかせい　乾　大粒種　　,562
05044,らっかせい　乾　小粒種　　,562
05035,らっかせい　いり　大粒種　　,585
05045,らっかせい　いり　小粒種　　,585
05036,らっかせい　バターピーナッツ　　　,592
05037,らっかせい　ピーナッツバター　　　,640
06001,アーティチョーク　花らい　生　　　,48
06002,アーティチョーク　花らい　ゆで　　　,45
06003,あさつき　葉　生　　　,33
06004,あさつき　葉　ゆで　　　,39
06005,あしたば　茎葉　生　　　,33
06006,あしたば　茎葉　ゆで　　　,31
06007,アスパラガス　若茎　生　　　,22
06008,アスパラガス　若茎　ゆで　　　,24
06327,アスパラガス　若茎　油いため　　　,57
06009,アスパラガス　水煮缶詰　　　,22
06328,アロエ　葉　生　　　,3
06010,いんげんまめ　さやいんげん　若ざや　生　　,23
06011,いんげんまめ　さやいんげん　若ざや　ゆで　　,26
06012,（うど類）　うど　茎　生　　,18
06013,（うど類）　うど　茎　水さらし　　,14
06014,（うど類）　やまうど　茎　生　　,19
06015,えだまめ　生　　　,135
06016,えだまめ　ゆで　　　,134
06017,えだまめ　冷凍　　　,159
06018,エンダイブ　葉　生　　　,15
06019,（えんどう類）　トウミョウ　茎葉　生　　,27
06329,（えんどう類）　トウミョウ　芽ばえ　生　　,24
06330,（えんどう類）　トウミョウ　芽ばえ　ゆで　　,27
06331,（えんどう類）　トウミョウ　芽ばえ　油いため　　,82
06020,（えんどう類）　さやえんどう　若ざや　生　　,36
06021,（えんどう類）　さやえんどう　若ざや　ゆで　　,34
06022,（えんどう類）　スナップえんどう　若ざや　生　　,43
06023,（えんどう類）　グリンピース　生　　,93
06024,（えんどう類）　グリンピース　ゆで　　,110
06025,（えんどう類）　グリンピース　冷凍　　,98
06026,（えんどう類）　グリンピース　水煮缶詰　　,98
06027,おおさかしろな　葉　生　　　,13
06028,おおさかしろな　葉　ゆで　　　,17
06029,おおさかしろな　塩漬　　　,22
06030,おかひじき　茎葉　生　　　,17
06031,おかひじき　茎葉　ゆで　　　,17
06032,オクラ　果実　生　　　,30
06033,オクラ　果実　ゆで　　　,33
06034,かぶ　葉　生　　　,20
06035,かぶ　葉　ゆで　　　,22
06036,かぶ　根　皮つき　生　　　,20
06037,かぶ　根　皮つき　ゆで　　　,21
06038,かぶ　根　皮むき　生　　　,21
06039,かぶ　根　皮むき　ゆで　　　,22
06040,かぶ　漬物　塩漬　葉　,29
06041,かぶ　漬物　塩漬　根　皮つき　,23
06042,かぶ　漬物　塩漬　根　皮むき　,21
06043,かぶ　漬物　ぬかみそ漬　葉　,34
06044,かぶ　漬物　ぬかみそ漬　根　皮つき　,28
06045,かぶ　漬物　ぬかみそ漬　根　皮むき　,31
06046,（かぼちゃ類）　日本かぼちゃ　果実　生　　,49
06047,（かぼちゃ類）　日本かぼちゃ　果実　ゆで　　,60
06048,（かぼちゃ類）　西洋かぼちゃ　果実　生　　,91
06049,（かぼちゃ類）　西洋かぼちゃ　果実　ゆで　　,93
06332,（かぼちゃ類）　西洋かぼちゃ　果実　焼き　　,122
06050,（かぼちゃ類）　西洋かぼちゃ　果実　冷凍　　,83
06051,（かぼちゃ類）　そうめんかぼちゃ　果実　生　　,24
06052,からしな　葉　生　　　,26
06053,からしな　塩漬　　 　,36
06054,カリフラワー　花序　生　　　,27
06055,カリフラワー　花序　ゆで　　　,26
06056,かんぴょう　乾　　　,260
06057,かんぴょう　ゆで　　　,28
06058,きく　花びら　生　　　,27
06059,きく　花びら　ゆで　　　,23
06060,きく　菊のり　　　,292
06061,（キャベツ類）　キャベツ　結球葉　生　　,23
06062,（キャベツ類）　キャベツ　結球葉　ゆで　　,20
06333,（キャベツ類）　キャベツ　結球葉　油いため　　,81
06063,（キャベツ類）　グリーンボール　結球葉　生　　,20
06064,（キャベツ類）　レッドキャベツ　結球葉　生　　,30
06065,きゅうり　果実　生　　　,14
06066,きゅうり　漬物　塩漬　　,16
06067,きゅうり　漬物　しょうゆ漬　　,50
06068,きゅうり　漬物　ぬかみそ漬　　,27
06069,きゅうり　漬物　ピクルス　スイート型　,67
06070,きゅうり　漬物　ピクルス　サワー型　,12
06071,ぎょうじゃにんにく　葉　生　　　,34
06075,キンサイ　茎葉　生　　　,19
06076,キンサイ　茎葉　ゆで　　　,19
06077,クレソン　茎葉　生　　　,15
06078,くわい　塊茎　生　　　,126
06079,くわい　塊茎　ゆで　　　,128
06080,ケール　葉　生　　　,28
06081,コールラビ　球茎　生　　　,21
06082,コールラビ　球茎　ゆで　　　,21
06083,こごみ　若芽　生　　　,28
06084,ごぼう　根　生　　　,65
06085,ごぼう　根　ゆで　　　,58
06086,こまつな　葉　生　　　,14
06087,こまつな　葉　ゆで　　　,15
06088,ザーサイ 　漬物　　　,23
06089,さんとうさい　葉　生　　　,14
06090,さんとうさい　葉　ゆで　　　,16
06091,さんとうさい　塩漬　　　,20
06092,しかくまめ　若ざや　生　　　,20
06093,ししとう　果実　生　　　,27
06094,ししとう　果実　油いため　　　,55
06095,しそ　葉　生　　　,37
06096,しそ　実　生　　　,41
06097,じゅうろくささげ　若ざや　生　　　,24
06098,じゅうろくささげ　若ざや　ゆで　　　,30
06099,しゅんぎく　葉　生　　　,22
06100,しゅんぎく　葉　ゆで　　　,27
06101,じゅんさい　若葉　水煮びん詰　　　,5
06102,（しょうが類）　葉しょうが　根茎　生　　,11
06103,（しょうが類）　しょうが　根茎　生　　,30
06104,（しょうが類）　しょうが　漬物　酢漬　,19
06105,（しょうが類）　しょうが　漬物　甘酢漬　,51
06106,しろうり　果実　生　　　,15
06107,しろうり　漬物　塩漬　　,16
06108,しろうり　漬物　奈良漬　　,157
06109,ずいき　生ずいき　生　　　,16
06110,ずいき　生ずいき　ゆで　　　,12
06111,ずいき　干しずいき　乾　　　,246
06112,ずいき　干しずいき　ゆで　　　,13
06113,すぐきな　葉　生　　　,26
06114,すぐきな　根　生　　　,21
06115,すぐきな　すぐき漬　　　,34
06116,ズッキーニ　果実　生　　　,14
06117,せり　茎葉　生　　　,17
06118,せり　茎葉　ゆで　　　,18
06119,セロリ　葉柄　生　　　,15
06120,ぜんまい　生ぜんまい　若芽　生　　,29
06121,ぜんまい　生ぜんまい　若芽　ゆで　　,21
06122,ぜんまい　干しぜんまい　干し若芽　乾　　,293
06123,ぜんまい　干しぜんまい　干し若芽　ゆで　　,29
06124,そらまめ　未熟豆　生　　　,108
06125,そらまめ　未熟豆　ゆで　　　,112
06126,タアサイ　葉　生　　　,13
06127,タアサイ　葉　ゆで　　　,13
06128,（だいこん類）　かいわれだいこん　芽ばえ　生　　,21
06129,（だいこん類）　葉だいこん　葉　生　　,18
06130,（だいこん類）　だいこん　葉　生　　,25
06131,（だいこん類）　だいこん　葉　ゆで　　,25
06132,（だいこん類）　だいこん　根　皮つき　生　　,18
06133,（だいこん類）　だいこん　根　皮つき　ゆで　　,18
06134,（だいこん類）　だいこん　根　皮むき　生　　,18
06135,（だいこん類）　だいこん　根　皮むき　ゆで　　,18
06136,（だいこん類）　切干しだいこん　乾　,301
06334,（だいこん類）　切干しだいこん　ゆで　　,19
06335,（だいこん類）　切干しだいこん　油いため　　,88
06137,（だいこん類）　漬物　ぬかみそ漬　　,30
06138,（だいこん類）　漬物　たくあん漬　塩押しだいこん漬　,64
06139,（だいこん類）　漬物　たくあん漬　干しだいこん漬　,27
06140,（だいこん類）　漬物　守口漬　　,187
06141,（だいこん類）　漬物　べったら漬　　,57
06142,（だいこん類）　漬物　みそ漬　　,78
06143,（だいこん類）　漬物　福神漬　　,136
06144,（たいさい類）　つまみな　葉　生　　,20
06145,（たいさい類）　たいさい　葉　生　　,16
06146,（たいさい類）　たいさい　塩漬　　,20
06147,たかな　葉　生　　　,21
06148,たかな　たかな漬　　　,33
06149,たけのこ　若茎　生　　　,26
06150,たけのこ　若茎　ゆで　　　,30
06151,たけのこ　水煮缶詰　　　,23
06152,たけのこ　めんま　塩蔵　塩抜き　　　,19
06153,（たまねぎ類）　たまねぎ　りん茎　生　　,37
06154,（たまねぎ類）　たまねぎ　りん茎　水さらし　　,26
06155,（たまねぎ類）　たまねぎ　りん茎　ゆで　　,31
06336,（たまねぎ類）　たまねぎ　りん茎　油いため　　,105
06156,（たまねぎ類）　赤たまねぎ　りん茎　生　　,38
06337,（たまねぎ類）　葉たまねぎ　りん茎及び葉　生　　,37
06157,たらのめ　若芽　生　　　,27
06158,たらのめ　若芽　ゆで　　　,26
06159,チコリ　若芽　生　　　,16
06160,チンゲンサイ　葉　生　　　,9
06161,チンゲンサイ　葉　ゆで　　　,12
06338,チンゲンサイ　葉　油いため　　　,39
06162,つくし　胞子茎　生　　　,38
06163,つくし　胞子茎　ゆで　　　,33
06164,つるな　茎葉　生　　　,15
06165,つるむらさき　茎葉　生　　　,13
06166,つるむらさき　茎葉　ゆで　　　,15
06167,つわぶき　葉柄　生　　　,21
06168,つわぶき　葉柄　ゆで　　　,16
06169,とうがらし　葉･果実　生　　　,35
06170,とうがらし　葉･果実　油いため　　　,85
06171,とうがらし　果実　生　　　,96
06172,とうがらし　果実　乾　　　,345
06173,とうがん　果実　生　　　,16
06174,とうがん　果実　ゆで　　　,16
06175,（とうもろこし類）　スイートコーン　未熟種子　生　　,92
06176,（とうもろこし類）　スイートコーン　未熟種子　ゆで　　,99
06339,（とうもろこし類）　スイートコーン　未熟種子　電子レンジ調理　　,107
06177,（とうもろこし類）　スイートコーン　未熟種子　穂軸つき　冷凍　　,97
06178,（とうもろこし類）　スイートコーン　未熟種子　カーネル　冷凍　　,99
06179,（とうもろこし類）　スイートコーン　缶詰　クリームスタイル　,84
06180,（とうもろこし類）　スイートコーン　缶詰　ホールカーネルスタイル　,82
06181,（とうもろこし類）　ヤングコーン　幼雌穂　生　　,29
06182,（トマト類）　トマト　果実　生　　,19
06183,（トマト類）　ミニトマト　果実　生　　,29
06184,（トマト類）　缶詰　ホール　食塩無添加　,20
06185,（トマト類）　缶詰　トマトジュース　食塩添加　,17
06340,（トマト類）　缶詰　トマトジュース　食塩無添加　,17
06186,（トマト類）　缶詰　ミックスジュース　食塩添加　,17
06341,（トマト類）　缶詰　ミックスジュース　食塩無添加　,17
06187,トレビス　葉　生　　　,18
06188,とんぶり　ゆで　　　,90
06189,ながさきはくさい　葉　生　　　,13
06190,ながさきはくさい　葉　ゆで　　　,18
06191,（なす類）　なす　果実　生　　,22
06192,（なす類）　なす　果実　ゆで　　,19
06342,（なす類）　なす　果実　油いため　　,79
06343,（なす類）　なす　果実　天ぷら　　,180
06193,（なす類）　べいなす　果実　生　　,22
06194,（なす類）　べいなす　果実　素揚げ　　,183
06195,（なす類）　漬物　塩漬　　,23
06196,（なす類）　漬物　ぬかみそ漬　　,27
06197,（なす類）　漬物　こうじ漬　　,79
06198,（なす類）　漬物　からし漬　　,118
06199,（なす類）　漬物　しば漬　　,30
06200,なずな　葉　生　　　,36
06201,（なばな類）　和種なばな　花らい・茎　生　　,33
06202,（なばな類）　和種なばな　花らい・茎　ゆで　　,28
06203,（なばな類）　洋種なばな　茎葉　生　　,35
06204,（なばな類）　洋種なばな　茎葉　ゆで　　,31
06205,にがうり　果実　生　　　,17
06206,にがうり　果実　油いため　　　,50
06207,（にら類）　にら　葉　生　　,21
06208,（にら類）　にら　葉　ゆで　　,31
06344,（にら類）　にら　葉　油いため　　,74
06209,（にら類）　花にら　花茎・花らい　生　　,27
06210,（にら類）　黄にら　葉　生　　,18
06211,（にんじん類）　葉にんじん　葉　生　　,18
06212,（にんじん類）　にんじん　根　皮つき　生　　,39
06213,（にんじん類）　にんじん　根　皮つき　ゆで　　,36
06214,（にんじん類）　にんじん　根　皮むき　生　　,36
06215,（にんじん類）　にんじん　根　皮むき　ゆで　　,36
06345,（にんじん類）　にんじん　根　皮むき　油いため　　,109
06346,（にんじん類）　にんじん　根　皮むき　素揚げ　,89
06347,（にんじん類）　にんじん　根　皮　生　,31
06216,（にんじん類）　にんじん　根　冷凍　　,35
06348,（にんじん類）　にんじん　グラッセ　,66
06217,（にんじん類）　にんじん　ジュース　缶詰　　,28
06218,（にんじん類）　きんとき　根　皮つき　生　　,44
06219,（にんじん類）　きんとき　根　皮つき　ゆで　　,42
06220,（にんじん類）　きんとき　根　皮むき　生　　,45
06221,（にんじん類）　きんとき　根　皮むき　ゆで　　,45
06222,（にんじん類）　ミニキャロット　根　生　　,32
06223,（にんにく類）　にんにく　りん茎　生　　,136
06349,（にんにく類）　にんにく　りん茎　油いため　　,199
06224,（にんにく類）　茎にんにく　花茎　生　　,45
06225,（にんにく類）　茎にんにく　花茎　ゆで　　,44
06226,（ねぎ類）　根深ねぎ　葉　軟白　生　　,34
06350,（ねぎ類）　根深ねぎ　葉　軟白　ゆで　　,28
06351,（ねぎ類）　根深ねぎ　葉　軟白　油いため　　,78
06227,（ねぎ類）　葉ねぎ　葉　生　　,30
06352,（ねぎ類）　葉ねぎ　葉　油いため　　,81
06228,（ねぎ類）　こねぎ　葉　生　　,27
06229,のざわな　葉　生　　　,16
06230,のざわな　漬物　塩漬　　,18
06231,のざわな　漬物　調味漬　　,23
06232,のびる　りん茎葉　生　　　,65
06233,はくさい　結球葉　生　　　,14
06234,はくさい　結球葉　ゆで　　　,13
06235,はくさい　漬物　塩漬　　,16
06236,はくさい　漬物　キムチ　　,46
06237,パクチョイ　葉　生　　　,15
06238,バジル　葉　生　　　,24
06239,パセリ　葉　生　　　,43
06240,はつかだいこん　根　生　　　,15
06241,はやとうり　果実　白色種　生　　,20
06353,はやとうり　果実　緑色種　生　　,20
06242,はやとうり　果実　白色種　塩漬　,17
06243,ビーツ　根　生　　　,41
06244,ビーツ　根　ゆで　　　,44
06245,（ピーマン類）　青ピーマン　果実　生　　,22
06246,（ピーマン類）　青ピーマン　果実　油いため　　,61
06247,（ピーマン類）　赤ピーマン　果実　生　　,30
06248,（ピーマン類）　赤ピーマン　果実　油いため　　,69
06249,（ピーマン類）　黄ピーマン　果実　生　　,27
06250,（ピーマン類）　黄ピーマン　果実　油いため　　,66
06251,（ピーマン類）　トマピー　果実　生　　,31
06252,ひのな　根・茎葉　生　　　,19
06253,ひのな　根・茎葉　甘酢漬　　　,69
06254,ひろしまな　葉　生　　　,20
06255,ひろしまな　塩漬　　　,16
06256,（ふき類）　ふき　葉柄　生　　,11
06257,（ふき類）　ふき　葉柄　ゆで　　,8
06258,（ふき類）　ふきのとう　花序　生　　,43
06259,（ふき類）　ふきのとう　花序　ゆで　　,32
06260,ふじまめ　若ざや　生　　　,33
06261,ふだんそう　葉　生　　　,19
06262,ふだんそう　葉　ゆで　　　,27
06263,ブロッコリー　花序　生　　　,33
06264,ブロッコリー　花序　ゆで　　　,27
06354,ブロッコリー　芽ばえ　生　　　,19
06265,へちま　果実　生　　　,16
06266,へちま　果実　ゆで　　　,18
06267,ほうれんそう　葉　通年平均　生　　,20
06355,ほうれんそう　葉　夏採り　生　　,20
06356,ほうれんそう　葉　冬採り　生　　,20
06268,ほうれんそう　葉　通年平均　ゆで　　,25
06357,ほうれんそう　葉　夏採り　ゆで　　,25
06358,ほうれんそう　葉　冬採り　ゆで　　,25
06359,ほうれんそう　葉　通年平均　油いため　　,99
06269,ほうれんそう　葉　冷凍　　　,21
06270,ホースラディシュ　根茎　生　　　,79
06271,まこも　茎　生　　　,21
06272,みずかけな　葉　生　　　,25
06273,みずかけな　塩漬　　　,32
06072,みずな　葉　生　　　,23
06073,みずな　葉　ゆで　　　,22
06074,みずな　塩漬　　　,27
06274,（みつば類）　切りみつば　葉　生　　,18
06275,（みつば類）　切りみつば　葉　ゆで　　,15
06276,（みつば類）　根みつば　葉　生　　,20
06277,（みつば類）　根みつば　葉　ゆで　　,20
06278,（みつば類）　糸みつば　葉　生　　,13
06279,（みつば類）　糸みつば　葉　ゆで　　,17
06360,みぶな　葉　生　　　,15
06280,（みょうが類）　みょうが　花穂　生　　,12
06281,（みょうが類）　みょうがたけ　茎葉　生　　,7
06282,むかご 　肉芽　生　　　,93
06283,めキャベツ　結球葉　生　　　,50
06284,めキャベツ　結球葉　ゆで　　　,49
06285,めたで　　芽ばえ　生　　　,43
06286,（もやし類）　アルファルファもやし　生　　,12
06287,（もやし類）　だいずもやし　生　　,37
06288,（もやし類）　だいずもやし　ゆで　　,34
06289,（もやし類）　ブラックマッペもやし　生　　,15
06290,（もやし類）　ブラックマッペもやし　ゆで　　,13
06291,（もやし類）　りょくとうもやし　生　　,14
06292,（もやし類）　りょくとうもやし　ゆで　　,12
06293,モロヘイヤ　茎葉　生　　　,38
06294,モロヘイヤ　茎葉　ゆで　　　,25
06295,やまごぼう　みそ漬　　　,72
06296,ゆりね　りん茎　生　　　,125
06297,ゆりね　りん茎　ゆで　　　,126
06298,ようさい　茎葉　生　　　,17
06299,ようさい　茎葉　ゆで　　　,21
06300,よめな　葉　生　　　,46
06301,よもぎ　葉　生　　　,46
06302,よもぎ　葉　ゆで　　　,42
06303,らっかせい　未熟豆　生　　　,295
06304,らっかせい　未熟豆　ゆで　　　,288
06305,（らっきょう類）　らっきょう　りん茎　生　　,118
06306,（らっきょう類）　らっきょう　甘酢漬　　,115
06307,（らっきょう類）　エシャレット　りん茎　生　　,76
06308,リーキ　りん茎葉　生　　　,29
06309,リーキ　りん茎葉　ゆで　　　,28
06319,ルッコラ　　葉　生　　　,19
06310,ルバーブ　葉柄　生　　　,24
06311,ルバーブ　葉柄　ゆで　　　,18
06312,（レタス類）　レタス　土耕栽培　結球葉　生　　,12
06361,（レタス類）　レタス　水耕栽培　結球葉　生　　,14
06313,（レタス類）　サラダな　葉　生　　,14
06314,（レタス類）　リーフレタス　葉　生　　,16
06315,（レタス類）　サニーレタス　葉　生　　,16
06362,（レタス類）　サンチュ　葉　生　　,15
06316,（レタス類）　コスレタス　葉　生　　,17
06317,れんこん　根茎　生　　　,66
06318,れんこん　根茎　ゆで　　　,66
06320,わけぎ　葉　生　　　,30
06321,わけぎ　葉　ゆで　　　,29
06322,わさび　根茎　生　　　,88
06323,わさび　わさび漬　　　,145
06324,わらび　生わらび　生　　　,21
06325,わらび　生わらび　ゆで　　　,15
06326,わらび　干しわらび　乾　　　,274
07001,あけび　果肉　生　　　,82
07002,あけび　果皮　生　　　,34
07003,アセロラ　酸味種　生　　　,36
07159,アセロラ　甘味種　生　　　,36
07004,アセロラ　10 %果汁入り飲料　　,42
07005,アテモヤ　生　　　,79
07006,アボカド　生　　　,187
07007,あんず　生　　　,36
07008,あんず　乾　　　,288
07009,あんず　缶詰　　　,81
07010,あんず　ジャム　高糖度　　,262
07011,あんず　ジャム　低糖度　　,205
07012,いちご　生　　　,34
07013,いちご　ジャム　高糖度　　,256
07014,いちご　ジャム　低糖度　　,197
07160,いちご　乾　　　,302
07015,いちじく　生　　　,54
07016,いちじく　乾　　　,291
07017,いちじく　缶詰　　　,81
07019,うめ　生　　　,28
07020,うめ　梅漬　塩漬　　,24
07021,うめ　梅漬　調味漬　　,53
07022,うめ　梅干し　塩漬　　,33
07023,うめ　梅干し　調味漬　　,96
07024,うめ　梅びしお　　　,200
07025,うめ　20 %果汁入り飲料　　　,49
07037,オリーブ　塩漬　グリーンオリーブ　　,145
07038,オリーブ　塩漬　ブラックオリーブ　　,118
07039,オリーブ　塩漬　スタッフドオリーブ　　,137
07049,かき　甘がき　生　　　,60
07050,かき　渋抜きがき　生　　　,63
07051,かき　干しがき　　　,276
07053,かりん　生　　　,68
07018,（かんきつ類）　いよかん　砂じょう　生　　,46
07026,（かんきつ類）　うんしゅうみかん　じょうのう　早生　生　,45
07027,（かんきつ類）　うんしゅうみかん　じょうのう　普通　生　,46
07028,（かんきつ類）　うんしゅうみかん　砂じょう　早生　生　,43
07029,（かんきつ類）　うんしゅうみかん　砂じょう　普通　生　,45
07030,（かんきつ類）　うんしゅうみかん　果実飲料　ストレートジュース　,41
07031,（かんきつ類）　うんしゅうみかん　果実飲料　濃縮還元ジュース　,38
07032,（かんきつ類）　うんしゅうみかん　果実飲料　果粒入りジュース　,47
07033,（かんきつ類）　うんしゅうみかん　果実飲料　50 %果汁入り飲料　,60
07034,（かんきつ類）　うんしゅうみかん　果実飲料　20 %果汁入り飲料　,50
07035,（かんきつ類）　うんしゅうみかん　缶詰　果肉　,64
07036,（かんきつ類）　うんしゅうみかん　缶詰　液汁　,63
07040,（かんきつ類）　オレンジ　ネーブル　砂じょう　生　,46
07041,（かんきつ類）　オレンジ　バレンシア　米国産　砂じょう　生　,39
07042,（かんきつ類）　オレンジ　バレンシア　果実飲料　ストレートジュース　,42
07043,（かんきつ類）　オレンジ　バレンシア　果実飲料　濃縮還元ジュース　,42
07044,（かんきつ類）　オレンジ　バレンシア　果実飲料　50 %果汁入り飲料　,47
07045,（かんきつ類）　オレンジ　バレンシア　果実飲料　30 %果汁入り飲料　,41
07046,（かんきつ類）　オレンジ　バレンシア　マーマレード　高糖度　,255
07047,（かんきつ類）　オレンジ　バレンシア　マーマレード　低糖度　,193
07161,（かんきつ類）　オレンジ　福原オレンジ　砂じょう　生　,39
07048,（かんきつ類）　オロブランコ　砂じょう　生　　,40
07052,（かんきつ類）　かぼす　果汁　生　　,25
07162,（かんきつ類）　かわちばんかん　砂じょう　生　　,35
07163,（かんきつ類）　きよみ　砂じょう　生　　,41
07056,（かんきつ類）　きんかん　全果　生　　,71
07062,（かんきつ類）　グレープフルーツ　白肉種　砂じょう　生　,38
07164,（かんきつ類）　グレープフルーツ　紅肉種　砂じょう　生　,38
07063,（かんきつ類）　グレープフルーツ　果実飲料　ストレートジュース　,40
07064,（かんきつ類）　グレープフルーツ　果実飲料　濃縮還元ジュース　,35
07065,（かんきつ類）　グレープフルーツ　果実飲料　50 %果汁入り飲料　,46
07066,（かんきつ類）　グレープフルーツ　果実飲料　20 %果汁入り飲料　,39
07067,（かんきつ類）　グレープフルーツ　缶詰　,70
07074,（かんきつ類）　さんぼうかん　砂じょう　生　　,44
07075,（かんきつ類）　シークヮーサー　果汁　生　　,25
07076,（かんきつ類）　シークヮーサー　10 %果汁入り飲料　　,48
07165,（かんきつ類）　しらぬひ　砂じょう　生　　,51
07078,（かんきつ類）　すだち　果皮　生　　,68
07079,（かんきつ類）　すだち　果汁　生　　,20
07166,（かんきつ類）　せとか　砂じょう　生　　,47
07085,（かんきつ類）　セミノール　砂じょう　生　　,49
07083,（かんきつ類）　だいだい　果汁　生　　,24
07093,（かんきつ類）　なつみかん　砂じょう　生　　,40
07094,（かんきつ類）　なつみかん　缶詰　　,81
07105,（かんきつ類）　はっさく　砂じょう　生　　,45
07167,（かんきつ類）　はるみ　砂じょう　生　　,48
07112,（かんきつ類）　ひゅうがなつ　じょうのう及びアルベド　生　　,45
07113,（かんきつ類）　ひゅうがなつ　砂じょう　生　　,33
07126,（かんきつ類）　ぶんたん　砂じょう　生　　,38
07127,（かんきつ類）　ぶんたん　ざぼん漬　　,344
07129,（かんきつ類）　ぽんかん　砂じょう　生　　,40
07142,（かんきつ類）　ゆず　果皮　生　　,59
07143,（かんきつ類）　ゆず　果汁　生　　,21
07145,（かんきつ類）　ライム　果汁　生　　,27
07155,（かんきつ類）　レモン　全果　生　　,54
07156,（かんきつ類）　レモン　果汁　生　　,26
07054,キウイフルーツ　緑肉種　生　　　,53
07168,キウイフルーツ　黄肉種　生　　　,59
07055,キワノ　生　　　,41
07057,グァバ　赤肉種　生　　　,38
07169,グァバ　白肉種　生　　　,38
07058,グァバ　果実飲料　20 %果汁入り飲料（ネクター）　　,51
07059,グァバ　果実飲料　10 %果汁入り飲料　　,51
07060,グーズベリー　生　　　,52
07061,ぐみ　生　　　,68
07157,ココナッツ　ココナッツウォーター　　　,20
07158,ココナッツ　ココナッツミルク　　　,150
07170,ココナッツ　ナタデココ　　　,73
07070,さくらんぼ　国産　生　　　,60
07071,さくらんぼ　米国産　生　 　,66
07072,さくらんぼ　米国産　缶詰　　,74
07073,ざくろ　生　　　,56
07077,すいか　赤肉種　生　　　,37
07171,すいか　黄肉種　生　　　,37
07069,スターフルーツ　生　　　,30
07080,（すもも類）　にほんすもも　生　　,44
07081,（すもも類）　プルーン　生　　,49
07082,（すもも類）　プルーン　乾　　,235
07086,チェリモヤ　生　　　,78
07111,ドラゴンフルーツ　生　　　,50
07087,ドリアン　生　　　,133
07088,（なし類）　日本なし　生　　,43
07089,（なし類）　日本なし　缶詰　　,78
07090,（なし類）　中国なし　生　　,47
07091,（なし類）　西洋なし　生　　,54
07092,（なし類）　西洋なし　缶詰　　,85
07095,なつめ　乾　　　,287
07096,なつめやし　乾　　　,266
07097,パインアップル　生　　　,51
07098,パインアップル　果実飲料　ストレートジュース　　,41
07099,パインアップル　果実飲料　濃縮還元ジュース　　,41
07100,パインアップル　果実飲料　50 %果汁入り飲料　　,51
07101,パインアップル　果実飲料　10 %果汁入り飲料　　,50
07102,パインアップル　缶詰　　　,84
07103,パインアップル　砂糖漬　　　,351
07104,ハスカップ　生　　　,53
07106,パッションフルーツ　果汁　生　　　,64
07107,バナナ　生　　　,86
07108,バナナ　乾　　　,299
07109,パパイア　完熟　生　　　,38
07110,パパイア　未熟　生　　　,39
07114,びわ　生　　　,40
07115,びわ　缶詰　　　,81
07116,ぶどう　生　　　,59
07117,ぶどう　干しぶどう　　　,301
07118,ぶどう　果実飲料　ストレートジュース　　,55
07119,ぶどう　果実飲料　濃縮還元ジュース　　,47
07120,ぶどう　果実飲料　70 %果汁入り飲料　　,52
07121,ぶどう　果実飲料　10 %果汁入り飲料　　,52
07122,ぶどう　缶詰　　　,84
07123,ぶどう　ジャム　　　,193
07124,ブルーベリー　生　　　,49
07125,ブルーベリー　ジャム　　　,181
07172,ブルーベリー　乾　　　,286
07128,ホワイトサポテ　生　　　,74
07130,まくわうり　黄肉種　生　　　,32
07173,まくわうり　白肉種　生　　　,32
07131,マルメロ　生　　　,56
07132,マンゴー　生　　　,64
07133,マンゴスチン　生　　　,67
07134,メロン　温室メロン　生　　　,42
07135,メロン　露地メロン　緑肉種　生　,42
07174,メロン　露地メロン　赤肉種　生　　,42
07136,（もも類）　もも　生　　,40
07137,（もも類）　もも　30 %果汁入り飲料（ネクター）　　,48
07138,（もも類）　もも　缶詰　白肉種　果肉　,85
07175,（もも類）　もも　缶詰　黄肉種　果肉　,85
07139,（もも類）　もも　缶詰　液汁　,81
07140,（もも類）　ネクタリン　生　　,43
07141,やまもも　生　　　,44
07144,ライチー　生　　　,63
07146,ラズベリー　生　　　,41
07147,りゅうがん　乾　　　,283
07148,りんご　皮むき　生　　　,57
07176,りんご　皮つき　生　　　,61
07149,りんご　果実飲料　ストレートジュース　　,44
07150,りんご　果実飲料　濃縮還元ジュース　　,43
07151,りんご　果実飲料　50 %果汁入り飲料　　,46
07152,りんご　果実飲料　30 %果汁入り飲料　　,46
07153,りんご　缶詰　　　,83
07154,りんご　ジャム　　　,213
08001,えのきたけ　生　　　,22
08002,えのきたけ　ゆで　　　,22
08037,えのきたけ　油いため　　　,58
08003,えのきたけ　味付け瓶詰　　　,85
08004,（きくらげ類）　あらげきくらげ　乾　　,171
08005,（きくらげ類）　あらげきくらげ　ゆで　　,35
08038,（きくらげ類）　あらげきくらげ　油いため　　,107
08006,（きくらげ類）　きくらげ　乾　　,167
08007,（きくらげ類）　きくらげ　ゆで　　,13
08008,（きくらげ類）　しろきくらげ　乾　　,162
08009,（きくらげ類）　しろきくらげ　ゆで　　,14
08010,くろあわびたけ　生　　　,19
08039,しいたけ　生しいたけ　菌床栽培　生　　,19
08040,しいたけ　生しいたけ　菌床栽培　ゆで　　,17
08041,しいたけ　生しいたけ　菌床栽培　油いため　　,57
08042,しいたけ　生しいたけ　原木栽培　生　　,23
08043,しいたけ　生しいたけ　原木栽培　ゆで　　,19
08044,しいたけ　生しいたけ　原木栽培　油いため　　,73
08013,しいたけ　乾しいたけ　乾　　,182
08014,しいたけ　乾しいたけ　ゆで　　,42
08015,（しめじ類）　はたけしめじ　生　　,15
08045,（しめじ類）　はたけしめじ　ゆで　　,17
08016,（しめじ類）　ぶなしめじ　生　　,18
08017,（しめじ類）　ぶなしめじ　ゆで　　,21
08046,（しめじ類）　ぶなしめじ　油いため　　,53
08018,（しめじ類）　ほんしめじ　生　　,12
08047,（しめじ類）　ほんしめじ　ゆで　　,16
08019,たもぎたけ　生　　　,16
08020,なめこ　生　　　,15
08021,なめこ　ゆで　　　,14
08022,なめこ　水煮缶詰　　　,9
08023,ぬめりすぎたけ　生　　　,15
08024,（ひらたけ類）　うすひらたけ　生　　,23
08025,（ひらたけ類）　エリンギ　生　　,19
08048,（ひらたけ類）　エリンギ　ゆで　　,21
08049,（ひらたけ類）　エリンギ　焼き　　,29
08050,（ひらたけ類）　エリンギ　油いため　　,55
08026,（ひらたけ類）　ひらたけ　生　　,20
08027,（ひらたけ類）　ひらたけ　ゆで　　,21
08028,まいたけ　生　　　,15
08029,まいたけ　ゆで　　　,18
08051,まいたけ　油いため　　　,56
08030,まいたけ　乾　　　,181
08031,マッシュルーム　生　　　,11
08032,マッシュルーム　ゆで　　　,16
08052,マッシュルーム　油いため　　　,56
08033,マッシュルーム　水煮缶詰　　　,14
08034,まつたけ　生　　　,23
08036,やなぎまつたけ　生　　　,13
09001,あおさ　素干し　　　,130
09002,あおのり　素干し　　　,164
09003,あまのり　ほしのり　　　,173
09004,あまのり　焼きのり　　　,188
09005,あまのり　味付けのり　　　,359
09006,あらめ　蒸し干し　　　,140
09007,いわのり　素干し　　　,151
09012,うみぶどう　生　　　,4
09008,えごのり　素干し　　　,143
09009,えごのり　おきうと　　　,6
09010,おごのり　塩蔵　塩抜き　　　,21
09011,かわのり　素干し　　　,167
09013,（こんぶ類）　えながおにこんぶ　素干し　　,138
09014,（こんぶ類）　がごめこんぶ　素干し　　,142
09015,（こんぶ類）　ながこんぶ　素干し　　,140
09016,（こんぶ類）　ほそめこんぶ　素干し　　,147
09017,（こんぶ類）　まこんぶ　素干し　　,145
09018,（こんぶ類）　みついしこんぶ　素干し　　,153
09019,（こんぶ類）　りしりこんぶ　素干し　　,138
09020,（こんぶ類）　刻み昆布　　　,105
09021,（こんぶ類）　削り昆布　　　,117
09022,（こんぶ類）　塩昆布　　　,110
09023,（こんぶ類）　つくだ煮　　　,168
09024,すいぜんじのり　素干し　水戻し　　　,7
09025,てんぐさ　素干し　　　,144
09026,てんぐさ　ところてん　　　,2
09027,てんぐさ　角寒天　　　,154
09028,てんぐさ　寒天　　　,3
09049,てんぐさ　粉寒天　　　,165
09029,とさかのり　赤とさか　塩蔵　塩抜き　　,14
09030,とさかのり　青とさか　塩蔵　塩抜き　　,13
09050,ひじき　ほしひじき　ステンレス釜　乾　　,149
09051,ひじき　ほしひじき　ステンレス釜　ゆで　　,10
09052,ひじき　ほしひじき　ステンレス釜　油いため　　,51
09053,ひじき　ほしひじき　鉄釜　乾　　,145
09054,ひじき　ほしひじき　鉄釜　ゆで　　,10
09055,ひじき　ほしひじき　鉄釜　油いため　　,51
09032,ひとえぐさ　素干し　　　,130
09033,ひとえぐさ　つくだ煮　　　,154
09034,ふのり　素干し　　　,148
09035,まつも　素干し　　　,159
09036,むかでのり　塩蔵　塩抜き　　　,10
09037,（もずく類）　おきなわもずく　塩蔵　塩抜き　　,6
09038,（もずく類）　もずく　塩蔵　塩抜き　　,4
09039,わかめ　原藻　生　　　,16
09040,わかめ　乾燥わかめ　素干し　　,117
09041,わかめ　乾燥わかめ　素干し　水戻し　　,17
09042,わかめ　乾燥わかめ　板わかめ　　,134
09043,わかめ　乾燥わかめ　灰干し　水戻し　　,7
09044,わかめ　カットわかめ　　　,138
09045,わかめ　湯通し塩蔵わかめ　塩抜き　　,11
09046,わかめ　くきわかめ　湯通し塩蔵　塩抜き　　,15
09047,わかめ　めかぶわかめ　生　　,11
10001,＜魚類＞あいなめ　生　　　,113
10002,＜魚類＞あこうだい　生　　　,93
10003,＜魚類＞（あじ類）　まあじ　皮つき、生　　,126
10389,＜魚類＞（あじ類）　まあじ　皮なし、刺身　　,123
10004,＜魚類＞（あじ類）　まあじ　皮つき、水煮　　,151
10005,＜魚類＞（あじ類）　まあじ　皮つき、焼き　　,170
10390,＜魚類＞（あじ類）　まあじ　皮つき、フライ　　,276
10006,＜魚類＞（あじ類）　まあじ　開き干し　生　　,168
10007,＜魚類＞（あじ類）　まあじ　開き干し　焼き　　,220
10391,＜魚類＞（あじ類）　まあじ　小型　骨付き　生　　,123
10392,＜魚類＞（あじ類）　まあじ　小型　骨付き　から揚げ　,278
10393,＜魚類＞（あじ類）　まるあじ　生　　,147
10394,＜魚類＞（あじ類）　まるあじ　焼き　　,194
10008,＜魚類＞（あじ類）　にしまあじ　生　　,169
10009,＜魚類＞（あじ類）　にしまあじ　水煮　　,175
10010,＜魚類＞（あじ類）　にしまあじ　焼き　　,203
10011,＜魚類＞（あじ類）　むろあじ　生　　,166
10012,＜魚類＞（あじ類）　むろあじ　焼き　　,186
10013,＜魚類＞（あじ類）　むろあじ　開き干し　　,155
10014,＜魚類＞（あじ類）　むろあじ　くさや　　,240
10015,＜魚類＞あなご　生　　　,161
10016,＜魚類＞あなご　蒸し　　　,194
10017,＜魚類＞あまご　養殖　生　　　,112
10018,＜魚類＞あまだい　生　　　,113
10019,＜魚類＞あまだい　水煮　　　,125
10020,＜魚類＞あまだい　焼き　　　,119
10021,＜魚類＞あゆ　天然　生　　　,100
10022,＜魚類＞あゆ　天然　焼き　　　,177
10023,＜魚類＞あゆ　天然　内臓　生　　　,206
10024,＜魚類＞あゆ　天然　内臓　焼き　　　,194
10025,＜魚類＞あゆ　養殖　生　　　,152
10026,＜魚類＞あゆ　養殖　焼き　　　,241
10027,＜魚類＞あゆ　養殖　内臓　生　　　,550
10028,＜魚類＞あゆ　養殖　内臓　焼き　　　,558
10029,＜魚類＞あゆ　うるか　　　,171
10030,＜魚類＞アラスカめぬけ　生　　　,105
10031,＜魚類＞あんこう　生　　　,58
10032,＜魚類＞あんこう　きも　生　　　,445
10033,＜魚類＞いかなご　生　　　,125
10034,＜魚類＞いかなご　煮干し　　　,245
10035,＜魚類＞いかなご　つくだ煮　　　,282
10036,＜魚類＞いかなご　あめ煮　　　,279
10037,＜魚類＞いさき　生　　　,127
10038,＜魚類＞いしだい　生　　　,156
10039,＜魚類＞いとよりだい　生　　　,93
10040,＜魚類＞いとよりだい　すり身　,91
10041,＜魚類＞いぼだい　生　　　,149
10042,＜魚類＞（いわし類）　うるめいわし　生　　,136
10043,＜魚類＞（いわし類）　うるめいわし　丸干し　　,239
10044,＜魚類＞（いわし類）　かたくちいわし　生　　,192
10045,＜魚類＞（いわし類）　かたくちいわし　煮干し　　,332
10046,＜魚類＞（いわし類）　かたくちいわし　田作り　　,336
10047,＜魚類＞（いわし類）　まいわし　生　　,169
10048,＜魚類＞（いわし類）　まいわし　水煮　　,178
10049,＜魚類＞（いわし類）　まいわし　焼き　　,196
10395,＜魚類＞（いわし類）　まいわし　フライ　　,396
10050,＜魚類＞（いわし類）　まいわし　塩いわし　　,163
10051,＜魚類＞（いわし類）　まいわし　生干し　　,242
10052,＜魚類＞（いわし類）　まいわし　丸干し　　,193
10053,＜魚類＞（いわし類）　めざし　生　　,257
10054,＜魚類＞（いわし類）　めざし　焼き　　,244
10396,＜魚類＞（いわし類）　しらす　生　　　,76
10055,＜魚類＞（いわし類）　しらす干し　微乾燥品　　,113
10056,＜魚類＞（いわし類）　しらす干し　半乾燥品　　,206
10057,＜魚類＞（いわし類）　たたみいわし　　　,372
10058,＜魚類＞（いわし類）　みりん干し　かたくちいわし　　,340
10059,＜魚類＞（いわし類）　みりん干し　まいわし　　,332
10060,＜魚類＞（いわし類）　缶詰　水煮　　,188
10061,＜魚類＞（いわし類）　缶詰　味付け　　,212
10062,＜魚類＞（いわし類）　缶詰　トマト漬　　,172
10063,＜魚類＞（いわし類）　缶詰　油漬　　,359
10064,＜魚類＞（いわし類）　缶詰　かば焼　　,242
10397,＜魚類＞（いわし類）　缶詰　アンチョビ　　,158
10065,＜魚類＞いわな　養殖　生　　　,114
10066,＜魚類＞うぐい　生　　　,100
10067,＜魚類＞うなぎ　養殖　生　　　,255
10068,＜魚類＞うなぎ　きも　生　　　,118
10069,＜魚類＞うなぎ　白焼き　　　,331
10070,＜魚類＞うなぎ　かば焼　　　,293
10071,＜魚類＞うまづらはぎ　生　　　,80
10072,＜魚類＞うまづらはぎ　味付け開き干し　　　,292
10073,＜魚類＞えい　生　　　,84
10074,＜魚類＞えそ　生　　　,93
10075,＜魚類＞おいかわ　生　　　,136
10076,＜魚類＞おおさが　生　　　,144
10077,＜魚類＞おこぜ　生　　　,85
10078,＜魚類＞おひょう　生　　　,100
10079,＜魚類＞かさご　生　　　,85
10080,＜魚類＞かじか　生　　　,111
10081,＜魚類＞かじか　水煮　　　,122
10082,＜魚類＞かじか　つくだ煮　　　,302
10083,＜魚類＞（かじき類）　くろかじき　生　　,99
10084,＜魚類＞（かじき類）　まかじき　生　　,115
10085,＜魚類＞（かじき類）　めかじき　生　　,153
10398,＜魚類＞（かじき類）　めかじき　焼き　　,220
10086,＜魚類＞（かつお類）　かつお　春獲り　生　　,114
10087,＜魚類＞（かつお類）　かつお　秋獲り　生　　,165
10088,＜魚類＞（かつお類）　そうだがつお　生　　,136
10089,＜魚類＞（かつお類）　加工品　なまり　　,134
10090,＜魚類＞（かつお類）　加工品　なまり節　　,173
10091,＜魚類＞（かつお類）　加工品　かつお節　　,356
10092,＜魚類＞（かつお類）　加工品　削り節　　,351
10093,＜魚類＞（かつお類）　加工品　削り節つくだ煮　　,237
10094,＜魚類＞（かつお類）　加工品　角煮　　,224
10095,＜魚類＞（かつお類）　加工品　塩辛　　,62
10096,＜魚類＞（かつお類）　缶詰　味付け　フレーク　　,141
10097,＜魚類＞（かつお類）　缶詰　油漬　フレーク　　,293
10098,＜魚類＞かます　生　　　,148
10099,＜魚類＞かます　焼き　　　,145
10100,＜魚類＞（かれい類）　まがれい　生　　,95
10101,＜魚類＞（かれい類）　まがれい　水煮　　,107
10102,＜魚類＞（かれい類）　まがれい　焼き　　,110
10103,＜魚類＞（かれい類）　まこがれい　生　　,93
10399,＜魚類＞（かれい類）　まこがれい　焼き　　,147
10104,＜魚類＞（かれい類）　子持ちがれい　生　　,143
10105,＜魚類＞（かれい類）　子持ちがれい　水煮　　,162
10106,＜魚類＞（かれい類）　干しかれい　　　,117
10107,＜魚類＞かわはぎ　生　　　,80
10108,＜魚類＞かんぱち　生　　　,129
10109,＜魚類＞きす　生　　　,80
10400,＜魚類＞きす　天ぷら　　　,241
10110,＜魚類＞きちじ　生　　　,262
10111,＜魚類＞きびなご　生　　　,93
10112,＜魚類＞きびなご　調味干し　　　,274
10113,＜魚類＞キャビア　塩蔵品　　　,263
10114,＜魚類＞キングクリップ　生　　　,78
10115,＜魚類＞ぎんだら　生　　　,232
10401,＜魚類＞ぎんだら　水煮　　　,287
10116,＜魚類＞きんめだい　生　　　,160
10117,＜魚類＞ぐち　生　　　,83
10118,＜魚類＞ぐち　焼き　　　,106
10119,＜魚類＞こい　養殖　生　　　,171
10120,＜魚類＞こい　養殖　水煮　　　,208
10121,＜魚類＞こい　養殖　内臓　生　　　,287
10122,＜魚類＞（こち類）　まごち　生　　,100
10123,＜魚類＞（こち類）　めごち　生　　,75
10124,＜魚類＞このしろ　生　　　,160
10125,＜魚類＞このしろ　甘酢漬　　　,193
10126,＜魚類＞（さけ・ます類）　からふとます　生　　,154
10127,＜魚類＞（さけ・ます類）　からふとます　焼き　　,191
10128,＜魚類＞（さけ・ます類）　からふとます　塩ます　　,160
10129,＜魚類＞（さけ・ます類）　からふとます　水煮缶詰　　,156
10130,＜魚類＞（さけ・ます類）　ぎんざけ　養殖　生　　,204
10131,＜魚類＞（さけ・ます類）　ぎんざけ　養殖　焼き　　,257
10132,＜魚類＞（さけ・ます類）　さくらます　生　　,161
10133,＜魚類＞（さけ・ます類）　さくらます　焼き　　,233
10134,＜魚類＞（さけ・ます類）　しろさけ　生　　,133
10135,＜魚類＞（さけ・ます類）　しろさけ　水煮　　,152
10136,＜魚類＞（さけ・ます類）　しろさけ　焼き　　,171
10137,＜魚類＞（さけ・ます類）　しろさけ　新巻き　生　　,154
10138,＜魚類＞（さけ・ます類）　しろさけ　新巻き　焼き　　,198
10139,＜魚類＞（さけ・ます類）　しろさけ　塩ざけ　　,199
10140,＜魚類＞（さけ・ます類）　しろさけ　イクラ　　,272
10141,＜魚類＞（さけ・ます類）　しろさけ　すじこ　　,282
10142,＜魚類＞（さけ・ます類）　しろさけ　めふん　　,77
10143,＜魚類＞（さけ・ます類）　しろさけ　水煮缶詰　　,170
10144,＜魚類＞（さけ・ます類）　たいせいようさけ　養殖　生　　,237
10145,＜魚類＞（さけ・ます類）　たいせいようさけ　養殖　焼き　　,295
10146,＜魚類＞（さけ・ます類）　にじます　海面養殖　皮つき、生　　,224
10402,＜魚類＞（さけ・ます類）　にじます　海面養殖　皮なし、刺身　　,189
10147,＜魚類＞（さけ・ます類）　にじます　海面養殖　皮つき、焼き　　,266
10148,＜魚類＞（さけ・ます類）　にじます　淡水養殖　皮つき、生　　,127
10149,＜魚類＞（さけ・ます類）　べにざけ　生　　,138
10150,＜魚類＞（さけ・ます類）　べにざけ　焼き　　,177
10151,＜魚類＞（さけ・ます類）　べにざけ　くん製　　,161
10152,＜魚類＞（さけ・ます類）　ますのすけ　生　　,200
10153,＜魚類＞（さけ・ます類）　ますのすけ　焼き　　,269
10154,＜魚類＞（さば類）　まさば　生　　,247
10155,＜魚類＞（さば類）　まさば　水煮　　,309
10156,＜魚類＞（さば類）　まさば　焼き　　,318
10403,＜魚類＞（さば類）　まさば　フライ　　,332
10404,＜魚類＞（さば類）　ごまさば　生　　,146
10405,＜魚類＞（さば類）　ごまさば　水煮　　,155
10406,＜魚類＞（さば類）　ごまさば　焼き　　,195
10157,＜魚類＞（さば類）　ごまさば　さば節　　,360
10158,＜魚類＞（さば類）　たいせいようさば　生　　,326
10159,＜魚類＞（さば類）　たいせいようさば　水煮　　,348
10160,＜魚類＞（さば類）　たいせいようさば　焼き　　,370
10161,＜魚類＞（さば類）　加工品　塩さば　　,291
10162,＜魚類＞（さば類）　加工品　開き干し　　,348
10163,＜魚類＞（さば類）　加工品　しめさば　　,339
10164,＜魚類＞（さば類）　缶詰　水煮　　,190
10165,＜魚類＞（さば類）　缶詰　みそ煮　　,217
10166,＜魚類＞（さば類）　缶詰　味付け　　,215
10167,＜魚類＞（さめ類）　あぶらつのざめ　生　　,159
10168,＜魚類＞（さめ類）　よしきりざめ　生　　,85
10169,＜魚類＞（さめ類）　ふかひれ　　　,342
10170,＜魚類＞さより　生　　　,95
10171,＜魚類＞さわら　生　　　,177
10172,＜魚類＞さわら　焼き　　　,202
10173,＜魚類＞さんま　皮つき、生　　　,297
10407,＜魚類＞さんま　皮なし、刺身　　　,335
10174,＜魚類＞さんま　皮つき、焼き　　　,270
10175,＜魚類＞さんま　開き干し　　　,261
10176,＜魚類＞さんま　みりん干し　　　,409
10177,＜魚類＞さんま　缶詰　味付け　　,268
10178,＜魚類＞さんま　缶詰　かば焼　　,225
10179,＜魚類＞しいら　生　　　,108
10180,＜魚類＞（ししゃも類）　ししゃも　生干し　生　　,166
10181,＜魚類＞（ししゃも類）　ししゃも　生干し　焼き　　,177
10182,＜魚類＞（ししゃも類）　からふとししゃも　生干し　生　　,177
10183,＜魚類＞（ししゃも類）　からふとししゃも　生干し　焼き　　,186
10184,＜魚類＞したびらめ　生　　　,96
10185,＜魚類＞しまあじ　養殖　生　　　,168
10186,＜魚類＞しらうお　生　　　,77
10187,＜魚類＞シルバー　生　　　,153
10188,＜魚類＞すずき　生　　　,123
10189,＜魚類＞（たい類）　きだい　生　　,108
10190,＜魚類＞（たい類）　くろだい　生　　,150
10191,＜魚類＞（たい類）　ちだい　生　　,105
10192,＜魚類＞（たい類）　まだい　天然　生　　,142
10193,＜魚類＞（たい類）　まだい　養殖　皮つき　生　　,177
10408,＜魚類＞（たい類）　まだい　養殖　皮なし　刺身　　,146
10194,＜魚類＞（たい類）　まだい　養殖　皮つき　水煮　　,206
10195,＜魚類＞（たい類）　まだい　養殖　皮つき　焼き　　,210
10196,＜魚類＞たかさご　生　　　,100
10197,＜魚類＞たかべ　生　　　,164
10198,＜魚類＞たちうお　生　　　,266
10199,＜魚類＞（たら類）　すけとうだら　生　　,76
10409,＜魚類＞（たら類）　すけとうだら　フライ　　,207
10200,＜魚類＞（たら類）　すけとうだら　すり身　　,98
10201,＜魚類＞（たら類）　すけとうだら　すきみだら　　,174
10202,＜魚類＞（たら類）　すけとうだら　たらこ　生　,140
10203,＜魚類＞（たら類）　すけとうだら　たらこ　焼き　,170
10204,＜魚類＞（たら類）　すけとうだら　からしめんたいこ　　,126
10205,＜魚類＞（たら類）　まだら　生　　,77
10206,＜魚類＞（たら類）　まだら　焼き　　,109
10207,＜魚類＞（たら類）　まだら　しらこ　生　　,62
10208,＜魚類＞（たら類）　まだら　塩だら　　,65
10209,＜魚類＞（たら類）　まだら　干しだら　　,317
10210,＜魚類＞（たら類）　まだら　でんぶ　　,278
10211,＜魚類＞ちか　生　　　,88
10213,＜魚類＞どじょう　生　　　,79
10214,＜魚類＞どじょう　水煮　　　,83
10215,＜魚類＞とびうお　生　　　,96
10212,＜魚類＞ナイルティラピア　生　　　,134
10216,＜魚類＞なまず　生　　　,159
10217,＜魚類＞にぎす　生　　　,91
10218,＜魚類＞にしん　生　　　,216
10219,＜魚類＞にしん　身欠きにしん　　　,246
10220,＜魚類＞にしん　開き干し　　　,264
10221,＜魚類＞にしん　くん製　　　,305
10222,＜魚類＞にしん　かずのこ　生　　,162
10223,＜魚類＞にしん　かずのこ　乾　　,385
10224,＜魚類＞にしん　かずのこ　塩蔵　水戻し　　,89
10225,＜魚類＞はぜ　生　　　,83
10226,＜魚類＞はぜ　つくだ煮　　　,284
10227,＜魚類＞はぜ　甘露煮　　　,265
10228,＜魚類＞はたはた　生　　　,113
10229,＜魚類＞はたはた　生干し　　　,167
10230,＜魚類＞はまふえふき　生　　　,90
10231,＜魚類＞はも　生　　　,144
10233,＜魚類＞ひらまさ　生　　　,142
10234,＜魚類＞ひらめ　天然　生　　　,103
10235,＜魚類＞ひらめ　養殖　皮つき　生　　　,126
10410,＜魚類＞ひらめ　養殖　皮なし　刺身　　　,113
10236,＜魚類＞（ふぐ類）　とらふぐ　養殖　生　　,85
10237,＜魚類＞（ふぐ類）　まふぐ　生　　,84
10238,＜魚類＞ふな　生　　　,101
10239,＜魚類＞ふな　水煮　　　,112
10240,＜魚類＞ふな　甘露煮　　　,272
10241,＜魚類＞ぶり　成魚　生　　,257
10242,＜魚類＞ぶり　成魚　焼き　　,304
10243,＜魚類＞ぶり　はまち　養殖　皮つき　生　　,251
10411,＜魚類＞ぶり　はまち　養殖　皮なし　刺身　　,203
10244,＜魚類＞ほうぼう　生　　　,122
10245,＜魚類＞ホキ　生　　　,84
10246,＜魚類＞ほっけ　生　　　,115
10247,＜魚類＞ほっけ　塩ほっけ　　　,123
10248,＜魚類＞ほっけ　開き干し　生　　,176
10412,＜魚類＞ほっけ　開き干し　焼き　　,200
10249,＜魚類＞ぼら　生　　　,128
10250,＜魚類＞ぼら　からすみ　　　,423
10251,＜魚類＞ほんもろこ　生　　　,113
10252,＜魚類＞（まぐろ類）　きはだ　生　　,106
10253,＜魚類＞（まぐろ類）　くろまぐろ　赤身　生　　,125
10254,＜魚類＞（まぐろ類）　くろまぐろ　脂身　生　　,344
10255,＜魚類＞（まぐろ類）　びんなが　生　　,117
10256,＜魚類＞（まぐろ類）　みなみまぐろ　赤身　生　　,93
10257,＜魚類＞（まぐろ類）　みなみまぐろ　脂身　生　　,352
10258,＜魚類＞（まぐろ類）　めじまぐろ　生　　,152
10259,＜魚類＞（まぐろ類）　めばち　生　　,108
10260,＜魚類＞（まぐろ類）　缶詰　水煮　フレーク　ライト　　,71
10261,＜魚類＞（まぐろ類）　缶詰　水煮　フレーク　ホワイト　　,97
10262,＜魚類＞（まぐろ類）　缶詰　味付け　フレーク　　,136
10263,＜魚類＞（まぐろ類）　缶詰　油漬　フレーク　ライト　　,267
10264,＜魚類＞（まぐろ類）　缶詰　油漬　フレーク　ホワイト　　,288
10265,＜魚類＞マジェランあいなめ　生　　　,272
10266,＜魚類＞まながつお　生　　　,175
10232,＜魚類＞みなみくろたち　生　　　,120
10267,＜魚類＞みなみだら　生　　　,72
10268,＜魚類＞むつ　生　　　,189
10269,＜魚類＞むつ　水煮　　　,173
10270,＜魚類＞めじな　生　　　,125
10271,＜魚類＞めばる　生　　　,109
10272,＜魚類＞メルルーサ　生　　　,77
10273,＜魚類＞やつめうなぎ　生　　　,273
10274,＜魚類＞やつめうなぎ　干しやつめ　　　,508
10275,＜魚類＞やまめ　養殖　生　　　,119
10276,＜魚類＞わかさぎ　生　　　,77
10277,＜魚類＞わかさぎ　つくだ煮　　　,317
10278,＜魚類＞わかさぎ　あめ煮　　　,313
10279,＜貝類＞あかがい　生　　　,74
10280,＜貝類＞あげまき　生　　　,48
10281,＜貝類＞あさり　生　　　,30
10282,＜貝類＞あさり　つくだ煮　　　,225
10283,＜貝類＞あさり　缶詰　水煮　　,114
10284,＜貝類＞あさり　缶詰　味付け　　,130
10285,＜貝類＞あわび　生　　　,73
10286,＜貝類＞あわび　干し　　　,273
10287,＜貝類＞あわび　塩辛　　　,100
10288,＜貝類＞あわび　水煮缶詰　　　,90
10289,＜貝類＞いがい　生　　　,70
10290,＜貝類＞いたやがい　養殖　生　　　,59
10291,＜貝類＞エスカルゴ　　水煮缶詰　　　,82
10292,＜貝類＞かき　養殖　生　　　,60
10293,＜貝類＞かき　養殖　水煮　　　,91
10294,＜貝類＞かき　くん製油漬缶詰　　　,298
10295,＜貝類＞さざえ　生　　　,89
10296,＜貝類＞さざえ　焼き　　　,97
10318,＜貝類＞さるぼう　味付け缶詰　　　,135
10297,＜貝類＞しじみ　生　　　,64
10413,＜貝類＞しじみ　水煮　　　,113
10298,＜貝類＞たいらがい　貝柱　生　　　,100
10299,＜貝類＞たにし　生　　　,80
10300,＜貝類＞つぶ　生　　　,86
10301,＜貝類＞とこぶし　生　　　,84
10303,＜貝類＞とりがい　斧足　生　　　,86
10304,＜貝類＞ばい　生　　　,87
10305,＜貝類＞ばかがい　生　　　,61
10306,＜貝類＞（はまぐり類）　はまぐり　生　　,39
10307,＜貝類＞（はまぐり類）　はまぐり　水煮　　,89
10308,＜貝類＞（はまぐり類）　はまぐり　焼き　　,77
10309,＜貝類＞（はまぐり類）　はまぐり　つくだ煮　　,219
10310,＜貝類＞（はまぐり類）　ちょうせんはまぐり　生　　,42
10311,＜貝類＞ほたてがい　生　　　,72
10312,＜貝類＞ほたてがい　水煮　　　,100
10313,＜貝類＞ほたてがい　貝柱　生　　,88
10414,＜貝類＞ほたてがい　貝柱　焼き　　,122
10314,＜貝類＞ほたてがい　貝柱　煮干し　　,322
10315,＜貝類＞ほたてがい　貝柱　水煮缶詰　　,94
10316,＜貝類＞ほっきがい　生　　　,73
10317,＜貝類＞みるがい　水管　生　　　,82
10319,＜えび・かに類＞（えび類）　あまえび　生　　,87
10320,＜えび・かに類＞（えび類）　いせえび　生　　,92
10321,＜えび・かに類＞（えび類）　くるまえび　養殖　生　　,97
10322,＜えび・かに類＞（えび類）　くるまえび　養殖　ゆで　　,124
10323,＜えび・かに類＞（えび類）　くるまえび　養殖　焼き　　,103
10324,＜えび・かに類＞（えび類）　さくらえび　ゆで　　,91
10325,＜えび・かに類＞（えび類）　さくらえび　素干し　　,312
10326,＜えび・かに類＞（えび類）　さくらえび　煮干し　　,273
10327,＜えび・かに類＞（えび類）　大正えび　生　　,95
10328,＜えび・かに類＞（えび類）　しばえび　生　　,83
10415,＜えび・かに類＞（えび類）　バナメイエビ　養殖　生　　,91
10416,＜えび・かに類＞（えび類）　バナメイエビ　養殖　天ぷら　　,199
10329,＜えび・かに類＞（えび類）　ブラックタイガー　養殖　生　　,82
10330,＜えび・かに類＞（えび類）　加工品　干しえび　　,233
10331,＜えび・かに類＞（えび類）　加工品　つくだ煮　　,244
10332,＜えび・かに類＞（かに類）　がざみ　生　　,65
10333,＜えび・かに類＞（かに類）　毛がに　生　　,72
10334,＜えび・かに類＞（かに類）　毛がに　ゆで　　,83
10335,＜えび・かに類＞（かに類）　ずわいがに　生　　,63
10336,＜えび・かに類＞（かに類）　ずわいがに　ゆで　　,69
10337,＜えび・かに類＞（かに類）　ずわいがに　水煮缶詰　　,73
10338,＜えび・かに類＞（かに類）　たらばがに　生　　,59
10339,＜えび・かに類＞（かに類）　たらばがに　ゆで　　,80
10340,＜えび・かに類＞（かに類）　たらばがに　水煮缶詰　　,90
10341,＜えび・かに類＞（かに類）　加工品　がん漬　　,59
10342,＜いか・たこ類＞（いか類）　あかいか　生　　,89
10343,＜いか・たこ類＞（いか類）　けんさきいか　生　　,84
10344,＜いか・たこ類＞（いか類）　こういか　生　　,66
10345,＜いか・たこ類＞（いか類）　するめいか　生　　,83
10346,＜いか・たこ類＞（いか類）　するめいか　水煮　　,101
10347,＜いか・たこ類＞（いか類）　するめいか　焼き　　,109
10417,＜いか・たこ類＞（いか類）　するめいか　胴　皮つき　生　　,86
10418,＜いか・たこ類＞（いか類）　するめいか　胴　皮なし　刺身　　,85
10419,＜いか・たこ類＞（いか類）　するめいか　胴　皮なし　天ぷら　　,189
10420,＜いか・たこ類＞（いか類）　するめいか　耳・足　生　　,80
10348,＜いか・たこ類＞（いか類）　ほたるいか　生　　,84
10349,＜いか・たこ類＞（いか類）　ほたるいか　ゆで　　,104
10350,＜いか・たこ類＞（いか類）　ほたるいか　くん製　　,325
10351,＜いか・たこ類＞（いか類）　ほたるいか　つくだ煮　　,260
10352,＜いか・たこ類＞（いか類）　やりいか　生　　,85
10353,＜いか・たこ類＞（いか類）　加工品　するめ　　,334
10354,＜いか・たこ類＞（いか類）　加工品　さきいか　　,279
10355,＜いか・たこ類＞（いか類）　加工品　くん製　　,206
10356,＜いか・たこ類＞（いか類）　加工品　切りいかあめ煮　　,318
10357,＜いか・たこ類＞（いか類）　加工品　いかあられ　　,293
10358,＜いか・たこ類＞（いか類）　加工品　塩辛　　,117
10359,＜いか・たこ類＞（いか類）　加工品　味付け缶詰　　,133
10360,＜いか・たこ類＞（たこ類）　いいだこ　生　　,70
10361,＜いか・たこ類＞（たこ類）　まだこ　生　　,76
10362,＜いか・たこ類＞（たこ類）　まだこ　ゆで　　,99
10363,＜その他＞あみ　つくだ煮　　　,233
10364,＜その他＞あみ　塩辛　　　,65
10365,＜その他＞うに　生うに　　　,120
10366,＜その他＞うに　粒うに　　　,183
10367,＜その他＞うに　練りうに　　　,170
10368,＜その他＞おきあみ　生　　　,94
10369,＜その他＞おきあみ　ゆで　　　,86
10370,＜その他＞くらげ　塩蔵　塩抜き　　　,22
10371,＜その他＞しゃこ　ゆで　　　,98
10372,＜その他＞なまこ　生　　　,23
10373,＜その他＞なまこ　このわた　　　,64
10374,＜その他＞ほや　生　　　,30
10375,＜その他＞ほや　塩辛　　　,72
10376,＜水産練り製品＞かに風味かまぼこ　　　　,90
10377,＜水産練り製品＞昆布巻きかまぼこ　　　　,84
10378,＜水産練り製品＞す巻きかまぼこ　　　　,90
10379,＜水産練り製品＞蒸しかまぼこ　　　　,95
10380,＜水産練り製品＞焼き抜きかまぼこ　　　　,103
10381,＜水産練り製品＞焼き竹輪　　　　,121
10382,＜水産練り製品＞だて巻　　　　,196
10383,＜水産練り製品＞つみれ　　　　,113
10384,＜水産練り製品＞なると　　　　,80
10385,＜水産練り製品＞はんぺん　　　　,94
10386,＜水産練り製品＞さつま揚げ　　　　,139
10387,＜水産練り製品＞魚肉ハム　　　　,158
10388,＜水産練り製品＞魚肉ソーセージ　　　　,161
11001,＜畜肉類＞いのしし　肉　脂身つき　生　　　,268
11002,＜畜肉類＞いのぶた　肉　脂身つき　生　　　,304
11003,＜畜肉類＞うさぎ　肉　赤肉　生　　　,146
11004,＜畜肉類＞うし　［和牛肉］　かた　脂身つき　生　,286
11005,＜畜肉類＞うし　［和牛肉］　かた　皮下脂肪なし　生　,265
11006,＜畜肉類＞うし　［和牛肉］　かた　赤肉　生　,201
11007,＜畜肉類＞うし　［和牛肉］　かた　脂身　生　,751
11008,＜畜肉類＞うし　［和牛肉］　かたロース　脂身つき　生　,411
11009,＜畜肉類＞うし　［和牛肉］　かたロース　皮下脂肪なし　生　,403
11010,＜畜肉類＞うし　［和牛肉］　かたロース　赤肉　生　,316
11011,＜畜肉類＞うし　［和牛肉］　リブロース　脂身つき　生　,573
11248,＜畜肉類＞うし　［和牛肉］　リブロース　脂身つき　焼き　,597
11249,＜畜肉類＞うし　［和牛肉］　リブロース　脂身つき　ゆで　,601
11012,＜畜肉類＞うし　［和牛肉］　リブロース　皮下脂肪なし　生　,556
11013,＜畜肉類＞うし　［和牛肉］　リブロース　赤肉　生　,436
11014,＜畜肉類＞うし　［和牛肉］　リブロース　脂身　生　,752
11015,＜畜肉類＞うし　［和牛肉］　サーロイン　脂身つき　生　,498
11016,＜畜肉類＞うし　［和牛肉］　サーロイン　皮下脂肪なし　生　,456
11017,＜畜肉類＞うし　［和牛肉］　サーロイン　赤肉　生　,317
11018,＜畜肉類＞うし　［和牛肉］　ばら　脂身つき　生　,517
11019,＜畜肉類＞うし　［和牛肉］　もも　脂身つき　生　,259
11020,＜畜肉類＞うし　［和牛肉］　もも　皮下脂肪なし　生　,233
11250,＜畜肉類＞うし　［和牛肉］　もも　皮下脂肪なし　焼き　,333
11251,＜畜肉類＞うし　［和牛肉］　もも　皮下脂肪なし　ゆで　,328
11021,＜畜肉類＞うし　［和牛肉］　もも　赤肉　生　,193
11022,＜畜肉類＞うし　［和牛肉］　もも　脂身　生　,728
11023,＜畜肉類＞うし　［和牛肉］　そともも　脂身つき　生　,265
11024,＜畜肉類＞うし　［和牛肉］　そともも　皮下脂肪なし　生　,237
11025,＜畜肉類＞うし　［和牛肉］　そともも　赤肉　生　,172
11026,＜畜肉類＞うし　［和牛肉］　ランプ　脂身つき　生　,347
11027,＜畜肉類＞うし　［和牛肉］　ランプ　皮下脂肪なし　生　,318
11028,＜畜肉類＞うし　［和牛肉］　ランプ　赤肉　生　,211
11029,＜畜肉類＞うし　［和牛肉］　ヒレ　赤肉　生　,223
11030,＜畜肉類＞うし　［乳用肥育牛肉］　かた　脂身つき　生　,257
11031,＜畜肉類＞うし　［乳用肥育牛肉］　かた　皮下脂肪なし　生　,217
11032,＜畜肉類＞うし　［乳用肥育牛肉］　かた　赤肉　生　,143
11033,＜畜肉類＞うし　［乳用肥育牛肉］　かた　脂身　生　,709
11034,＜畜肉類＞うし　［乳用肥育牛肉］　かたロース　脂身つき　生　,318
11035,＜畜肉類＞うし　［乳用肥育牛肉］　かたロース　皮下脂肪なし　生　,308
11036,＜畜肉類＞うし　［乳用肥育牛肉］　かたロース　赤肉　生　,212
11037,＜畜肉類＞うし　［乳用肥育牛肉］　リブロース　脂身つき　生　,409
11038,＜畜肉類＞うし　［乳用肥育牛肉］　リブロース　脂身つき　焼き　,511
11039,＜畜肉類＞うし　［乳用肥育牛肉］　リブロース　脂身つき　ゆで　,478
11040,＜畜肉類＞うし　［乳用肥育牛肉］　リブロース　皮下脂肪なし　生　,378
11041,＜畜肉類＞うし　［乳用肥育牛肉］　リブロース　赤肉　生　,248
11042,＜畜肉類＞うし　［乳用肥育牛肉］　リブロース　脂身　生　,773
11043,＜畜肉類＞うし　［乳用肥育牛肉］　サーロイン　脂身つき　生　,334
11044,＜畜肉類＞うし　［乳用肥育牛肉］　サーロイン　皮下脂肪なし　生　,270
11045,＜畜肉類＞うし　［乳用肥育牛肉］　サーロイン　赤肉　生　,177
11046,＜畜肉類＞うし　［乳用肥育牛肉］　ばら　脂身つき　生　,426
11252,＜畜肉類＞うし　［乳用肥育牛肉］　ばら　脂身つき　焼き　,484
11047,＜畜肉類＞うし　［乳用肥育牛肉］　もも　脂身つき　生　,209
11048,＜畜肉類＞うし　［乳用肥育牛肉］　もも　皮下脂肪なし　生　,181
11049,＜畜肉類＞うし　［乳用肥育牛肉］　もも　皮下脂肪なし　焼き　,245
11050,＜畜肉類＞うし　［乳用肥育牛肉］　もも　皮下脂肪なし　ゆで　,252
11051,＜畜肉類＞うし　［乳用肥育牛肉］　もも　赤肉　生　,140
11052,＜畜肉類＞うし　［乳用肥育牛肉］　もも　脂身　生　,626
11053,＜畜肉類＞うし　［乳用肥育牛肉］　そともも　脂身つき　生　,233
11054,＜畜肉類＞うし　［乳用肥育牛肉］　そともも　皮下脂肪なし　生　,190
11055,＜畜肉類＞うし　［乳用肥育牛肉］　そともも　赤肉　生　,140
11056,＜畜肉類＞うし　［乳用肥育牛肉］　ランプ　脂身つき　生　,248
11057,＜畜肉類＞うし　［乳用肥育牛肉］　ランプ　皮下脂肪なし　生　,216
11058,＜畜肉類＞うし　［乳用肥育牛肉］　ランプ　赤肉　生　,153
11059,＜畜肉類＞うし　［乳用肥育牛肉］　ヒレ　赤肉　生　,195
11253,＜畜肉類＞うし　［乳用肥育牛肉］　ヒレ　赤肉　焼き　,259
11254,＜畜肉類＞うし　［交雑牛肉］　リブロース　脂身つき　生　,539
11255,＜畜肉類＞うし　［交雑牛肉］　リブロース　脂身つき　焼き　,627
11256,＜畜肉類＞うし　［交雑牛肉］　リブロース　脂身つき　ゆで　,588
11257,＜畜肉類＞うし　［交雑牛肉］　リブロース　皮下脂肪なし　生　,484
11258,＜畜肉類＞うし　［交雑牛肉］　リブロース　赤肉　生　,376
11259,＜畜肉類＞うし　［交雑牛肉］　リブロース　脂身　生　,831
11260,＜畜肉類＞うし　［交雑牛肉］　ばら　脂身つき　生　,470
11261,＜畜肉類＞うし　［交雑牛肉］　もも　脂身つき　生　,343
11262,＜畜肉類＞うし　［交雑牛肉］　もも　皮下脂肪なし　生　,282
11263,＜畜肉類＞うし　［交雑牛肉］　もも　皮下脂肪なし　焼き　,367
11264,＜畜肉類＞うし　［交雑牛肉］　もも　皮下脂肪なし　ゆで　,375
11265,＜畜肉類＞うし　［交雑牛肉］　もも　赤肉　生　,248
11266,＜畜肉類＞うし　［交雑牛肉］　もも　脂身　生　,734
11267,＜畜肉類＞うし　［交雑牛肉］　ヒレ　赤肉　生　,251
11060,＜畜肉類＞うし　［輸入牛肉］　かた　脂身つき　生　,180
11061,＜畜肉類＞うし　［輸入牛肉］　かた　皮下脂肪なし　生　,157
11062,＜畜肉類＞うし　［輸入牛肉］　かた　赤肉　生　,130
11063,＜畜肉類＞うし　［輸入牛肉］　かた　脂身　生　,599
11064,＜畜肉類＞うし　［輸入牛肉］　かたロース　脂身つき　生　,240
11065,＜畜肉類＞うし　［輸入牛肉］　かたロース　皮下脂肪なし　生　,237
11066,＜畜肉類＞うし　［輸入牛肉］　かたロース　赤肉　生　,173
11067,＜畜肉類＞うし　［輸入牛肉］　リブロース　脂身つき　生　,231
11268,＜畜肉類＞うし　［輸入牛肉］　リブロース　脂身つき　焼き　,332
11269,＜畜肉類＞うし　［輸入牛肉］　リブロース　脂身つき　ゆで　,335
11068,＜畜肉類＞うし　［輸入牛肉］　リブロース　皮下脂肪なし　生　,223
11069,＜畜肉類＞うし　［輸入牛肉］　リブロース　赤肉　生　,179
11070,＜畜肉類＞うし　［輸入牛肉］　リブロース　脂身　生　,712
11071,＜畜肉類＞うし　［輸入牛肉］　サーロイン　脂身つき　生　,298
11072,＜畜肉類＞うし　［輸入牛肉］　サーロイン　皮下脂肪なし　生　,238
11073,＜畜肉類＞うし　［輸入牛肉］　サーロイン　赤肉　生　,136
11074,＜畜肉類＞うし　［輸入牛肉］　ばら　脂身つき　生　,371
11075,＜畜肉類＞うし　［輸入牛肉］　もも　脂身つき　生　,165
11076,＜畜肉類＞うし　［輸入牛肉］　もも　皮下脂肪なし　生　,149
11270,＜畜肉類＞うし　［輸入牛肉］　もも　皮下脂肪なし　焼き　,253
11271,＜畜肉類＞うし　［輸入牛肉］　もも　皮下脂肪なし　ゆで　,231
11077,＜畜肉類＞うし　［輸入牛肉］　もも　赤肉　生　,132
11078,＜畜肉類＞うし　［輸入牛肉］　もも　脂身　生　,633
11079,＜畜肉類＞うし　［輸入牛肉］　そともも　脂身つき　生　,215
11080,＜畜肉類＞うし　［輸入牛肉］　そともも　皮下脂肪なし　生　,195
11081,＜畜肉類＞うし　［輸入牛肉］　そともも　赤肉　生　,127
11082,＜畜肉類＞うし　［輸入牛肉］　ランプ　脂身つき　生　,234
11083,＜畜肉類＞うし　［輸入牛肉］　ランプ　皮下脂肪なし　生　,190
11084,＜畜肉類＞うし　［輸入牛肉］　ランプ　赤肉　生　,121
11085,＜畜肉類＞うし　［輸入牛肉］　ヒレ　赤肉　生　,133
11086,＜畜肉類＞うし　［子牛肉］　リブロース　皮下脂肪なし　生　,101
11087,＜畜肉類＞うし　［子牛肉］　ばら　皮下脂肪なし　生　,122
11088,＜畜肉類＞うし　［子牛肉］　もも　皮下脂肪なし　生　,116
11089,＜畜肉類＞うし　［ひき肉］　生　　,272
11272,＜畜肉類＞うし　［ひき肉］　焼き　　,311
11090,＜畜肉類＞うし　［副生物］　舌　生　,356
11273,＜畜肉類＞うし　［副生物］　舌　焼き　,435
11091,＜畜肉類＞うし　［副生物］　心臓　生　,142
11092,＜畜肉類＞うし　［副生物］　肝臓　生　,132
11093,＜畜肉類＞うし　［副生物］　じん臓　生　,131
11094,＜畜肉類＞うし　［副生物］　第一胃　ゆで　,182
11095,＜畜肉類＞うし　［副生物］　第二胃　ゆで　,200
11096,＜畜肉類＞うし　［副生物］　第三胃　生　,62
11097,＜畜肉類＞うし　［副生物］　第四胃　ゆで　,329
11098,＜畜肉類＞うし　［副生物］　小腸　生　,287
11099,＜畜肉類＞うし　［副生物］　大腸　生　,162
11100,＜畜肉類＞うし　［副生物］　直腸　生　,115
11101,＜畜肉類＞うし　［副生物］　腱　ゆで　,155
11102,＜畜肉類＞うし　［副生物］　子宮　ゆで　,106
11103,＜畜肉類＞うし　［副生物］　尾　生　,492
11274,＜畜肉類＞うし　［副生物］　横隔膜　生　,301
11104,＜畜肉類＞うし　［加工品］　ローストビーフ　　,196
11105,＜畜肉類＞うし　［加工品］　コンビーフ缶詰　　,203
11106,＜畜肉類＞うし　［加工品］　味付け缶詰　　,156
11107,＜畜肉類＞うし　［加工品］　ビーフジャーキー　　,315
11108,＜畜肉類＞うし　［加工品］　スモークタン　　,283
11109,＜畜肉類＞うま　肉　赤肉　生　　　,110
11110,＜畜肉類＞くじら　肉　赤肉　生　　　,106
11111,＜畜肉類＞くじら　うねす　生　　　,376
11112,＜畜肉類＞くじら　本皮　生　　　,689
11113,＜畜肉類＞くじら　さらしくじら　　　,31
11114,＜畜肉類＞しか　あかしか　赤肉　生　　　,110
11275,＜畜肉類＞しか　にほんじか　赤肉　生　　　,147
11115,＜畜肉類＞ぶた　［大型種肉］　かた　脂身つき　生　,216
11116,＜畜肉類＞ぶた　［大型種肉］　かた　皮下脂肪なし　生　,171
11117,＜畜肉類＞ぶた　［大型種肉］　かた　赤肉　生　,125
11118,＜畜肉類＞ぶた　［大型種肉］　かた　脂身　生　,704
11119,＜畜肉類＞ぶた　［大型種肉］　かたロース　脂身つき　生　,253
11120,＜畜肉類＞ぶた　［大型種肉］　かたロース　皮下脂肪なし　生　,226
11121,＜畜肉類＞ぶた　［大型種肉］　かたロース　赤肉　生　,157
11122,＜畜肉類＞ぶた　［大型種肉］　かたロース　脂身　生　,688
11123,＜畜肉類＞ぶた　［大型種肉］　ロース　脂身つき　生　,263
11124,＜畜肉類＞ぶた　［大型種肉］　ロース　脂身つき　焼き　,328
11125,＜畜肉類＞ぶた　［大型種肉］　ロース　脂身つき　ゆで　,329
11276,＜畜肉類＞ぶた　［大型種肉］　ロース　脂身つき　とんかつ　,450
11126,＜畜肉類＞ぶた　［大型種肉］　ロース　皮下脂肪なし　生　,202
11127,＜畜肉類＞ぶた　［大型種肉］　ロース　赤肉　生　,150
11128,＜畜肉類＞ぶた　［大型種肉］　ロース　脂身　生　,740
11129,＜畜肉類＞ぶた　［大型種肉］　ばら　脂身つき　生　,395
11277,＜畜肉類＞ぶた　［大型種肉］　ばら　脂身つき　焼き　,496
11130,＜畜肉類＞ぶた　［大型種肉］　もも　脂身つき　生　,183
11131,＜畜肉類＞ぶた　［大型種肉］　もも　皮下脂肪なし　生　,148
11132,＜畜肉類＞ぶた　［大型種肉］　もも　皮下脂肪なし　焼き　,200
11133,＜畜肉類＞ぶた　［大型種肉］　もも　皮下脂肪なし　ゆで　,199
11134,＜畜肉類＞ぶた　［大型種肉］　もも　赤肉　生　,128
11135,＜畜肉類＞ぶた　［大型種肉］　もも　脂身　生　,664
11136,＜畜肉類＞ぶた　［大型種肉］　そともも　脂身つき　生　,235
11137,＜畜肉類＞ぶた　［大型種肉］　そともも　皮下脂肪なし　生　,187
11138,＜畜肉類＞ぶた　［大型種肉］　そともも　赤肉　生　,143
11139,＜畜肉類＞ぶた　［大型種肉］　そともも　脂身　生　,669
11140,＜畜肉類＞ぶた　［大型種肉］　ヒレ　赤肉　生　,130
11278,＜畜肉類＞ぶた　［大型種肉］　ヒレ　赤肉　焼き　,223
11279,＜畜肉類＞ぶた　［大型種肉］　ヒレ　赤肉　とんかつ　,388
11141,＜畜肉類＞ぶた　［中型種肉］　かた　脂身つき　生　,239
11142,＜畜肉類＞ぶた　［中型種肉］　かた　皮下脂肪なし　生　,185
11143,＜畜肉類＞ぶた　［中型種肉］　かた　赤肉　生　,123
11144,＜畜肉類＞ぶた　［中型種肉］　かた　脂身　生　,733
11145,＜畜肉類＞ぶた　［中型種肉］　かたロース　脂身つき　生　,256
11146,＜畜肉類＞ぶた　［中型種肉］　かたロース　皮下脂肪なし　生　,226
11147,＜畜肉類＞ぶた　［中型種肉］　かたロース　赤肉　生　,151
11148,＜畜肉類＞ぶた　［中型種肉］　かたロース　脂身　生　,699
11149,＜畜肉類＞ぶた　［中型種肉］　ロース　脂身つき　生　,291
11150,＜畜肉類＞ぶた　［中型種肉］　ロース　皮下脂肪なし　生　,216
11151,＜畜肉類＞ぶた　［中型種肉］　ロース　赤肉　生　,141
11152,＜畜肉類＞ぶた　［中型種肉］　ロース　脂身　生　,754
11153,＜畜肉類＞ぶた　［中型種肉］　ばら　脂身つき　生　,434
11154,＜畜肉類＞ぶた　［中型種肉］　もも　脂身つき　生　,225
11155,＜畜肉類＞ぶた　［中型種肉］　もも　皮下脂肪なし　生　,164
11156,＜畜肉類＞ぶた　［中型種肉］　もも　赤肉　生　,143
11157,＜畜肉類＞ぶた　［中型種肉］　もも　脂身　生　,716
11158,＜畜肉類＞ぶた　［中型種肉］　そともも　脂身つき　生　,268
11159,＜畜肉類＞ぶた　［中型種肉］　そともも　皮下脂肪なし　生　,169
11160,＜畜肉類＞ぶた　［中型種肉］　そともも　赤肉　生　,138
11161,＜畜肉類＞ぶた　［中型種肉］　そともも　脂身　生　,703
11162,＜畜肉類＞ぶた　［中型種肉］　ヒレ　赤肉　生　,112
11163,＜畜肉類＞ぶた　［ひき肉］　生　　,236
11280,＜畜肉類＞ぶた　［ひき肉］　焼き　　,311
11164,＜畜肉類＞ぶた　［副生物］　舌　生　,221
11165,＜畜肉類＞ぶた　［副生物］　心臓　生　,135
11166,＜畜肉類＞ぶた　［副生物］　肝臓　生　,128
11167,＜畜肉類＞ぶた　［副生物］　じん臓　生　,114
11168,＜畜肉類＞ぶた　［副生物］　胃　ゆで　,121
11169,＜畜肉類＞ぶた　［副生物］　小腸　ゆで　,171
11170,＜畜肉類＞ぶた　［副生物］　大腸　ゆで　,179
11171,＜畜肉類＞ぶた　［副生物］　子宮　生　,70
11172,＜畜肉類＞ぶた　［副生物］　豚足　ゆで　,230
11173,＜畜肉類＞ぶた　［副生物］　軟骨　ゆで　,231
11174,＜畜肉類＞ぶた　［ハム類］　骨付きハム　　,219
11175,＜畜肉類＞ぶた　［ハム類］　ボンレスハム　　,118
11176,＜畜肉類＞ぶた　［ハム類］　ロースハム　　,196
11177,＜畜肉類＞ぶた　［ハム類］　ショルダーハム　　,231
11181,＜畜肉類＞ぶた　［ハム類］　生ハム　促成　,247
11182,＜畜肉類＞ぶた　［ハム類］　生ハム　長期熟成　,268
11178,＜畜肉類＞ぶた　［プレスハム類］　プレスハム　　,118
11180,＜畜肉類＞ぶた　［プレスハム類］　チョップドハム　　,135
11183,＜畜肉類＞ぶた　［ベーコン類］　ベーコン　　,405
11184,＜畜肉類＞ぶた　［ベーコン類］　ロースベーコン　　,211
11185,＜畜肉類＞ぶた　［ベーコン類］　ショルダーベーコン　　,186
11186,＜畜肉類＞ぶた　［ソーセージ類］　ウインナーソーセージ　　,321
11187,＜畜肉類＞ぶた　［ソーセージ類］　セミドライソーセージ　　,339
11188,＜畜肉類＞ぶた　［ソーセージ類］　ドライソーセージ　　,497
11189,＜畜肉類＞ぶた　［ソーセージ類］　フランクフルトソーセージ　　,298
11190,＜畜肉類＞ぶた　［ソーセージ類］　ボロニアソーセージ　　,251
11191,＜畜肉類＞ぶた　［ソーセージ類］　リオナソーセージ　　,192
11192,＜畜肉類＞ぶた　［ソーセージ類］　レバーソーセージ　　,368
11193,＜畜肉類＞ぶた　［ソーセージ類］　混合ソーセージ　　,270
11194,＜畜肉類＞ぶた　［ソーセージ類］　生ソーセージ　　,279
11195,＜畜肉類＞ぶた　［その他］　焼き豚　　,172
11196,＜畜肉類＞ぶた　［その他］　レバーペースト　　,378
11197,＜畜肉類＞ぶた　［その他］　スモークレバー　　,198
11198,＜畜肉類＞ぶた　［その他］　ゼラチン　　,344
11199,＜畜肉類＞めんよう　［マトン］　ロース　脂身つき　生　,225
11281,＜畜肉類＞めんよう　［マトン］　ロース　脂身つき　焼き　,358
11200,＜畜肉類＞めんよう　［マトン］　もも　脂身つき　生　,224
11201,＜畜肉類＞めんよう　［ラム］　かた　脂身つき　生　,233
11202,＜畜肉類＞めんよう　［ラム］　ロース　脂身つき　生　,310
11282,＜畜肉類＞めんよう　［ラム］　ロース　脂身つき　焼き　,388
11203,＜畜肉類＞めんよう　［ラム］　もも　脂身つき　生　,198
11283,＜畜肉類＞めんよう　［ラム］　もも　脂身つき　焼き　,312
11179,＜畜肉類＞めんよう　混合プレスハム　　,107
11204,＜畜肉類＞やぎ　肉　赤肉　生　,107
11207,＜鳥肉類＞うずら　肉　皮つき　生　　　,208
11239,＜鳥肉類＞がちょう　フォアグラ　ゆで　　,510
11208,＜鳥肉類＞かも　まがも　肉　皮なし　生　　,128
11205,＜鳥肉類＞かも　あいがも　肉　皮つき　生　　,333
11206,＜鳥肉類＞かも　あひる　肉　皮つき　生　　,250
11247,＜鳥肉類＞かも　あひる　肉　皮なし　生　　,106
11284,＜鳥肉類＞かも　あひる　皮　生　　,462
11209,＜鳥肉類＞きじ　肉　皮なし　生　　　,108
11210,＜鳥肉類＞しちめんちょう　肉　皮なし　生　　　,106
11211,＜鳥肉類＞すずめ　肉　骨・皮つき　生　　　,132
11212,＜鳥肉類＞にわとり　［成鶏肉］　手羽　皮つき　生　,195
11213,＜鳥肉類＞にわとり　［成鶏肉］　むね　皮つき　生　,244
11214,＜鳥肉類＞にわとり　［成鶏肉］　むね　皮なし　生　,121
11215,＜鳥肉類＞にわとり　［成鶏肉］　もも　皮つき　生　,253
11216,＜鳥肉類＞にわとり　［成鶏肉］　もも　皮なし　生　,138
11217,＜鳥肉類＞にわとり　［成鶏肉］　ささ身　生　,114
11218,＜鳥肉類＞にわとり　［若鶏肉］　手羽　皮つき　生　,210
11285,＜鳥肉類＞にわとり　［若鶏肉］　手羽先　皮つき　生　,226
11286,＜鳥肉類＞にわとり　［若鶏肉］　手羽元　皮つき　生　,197
11219,＜鳥肉類＞にわとり　［若鶏肉］　むね　皮つき　生　,145
11287,＜鳥肉類＞にわとり　［若鶏肉］　むね　皮つき　焼き　,233
11220,＜鳥肉類＞にわとり　［若鶏肉］　むね　皮なし　生　,116
11288,＜鳥肉類＞にわとり　［若鶏肉］　むね　皮なし　焼き　,195
11221,＜鳥肉類＞にわとり　［若鶏肉］　もも　皮つき　生　,204
11222,＜鳥肉類＞にわとり　［若鶏肉］　もも　皮つき　焼き　,241
11223,＜鳥肉類＞にわとり　［若鶏肉］　もも　皮つき　ゆで　,237
11289,＜鳥肉類＞にわとり　［若鶏肉］　もも　皮つき　から揚げ　,313
11224,＜鳥肉類＞にわとり　［若鶏肉］　もも　皮なし　生　,127
11225,＜鳥肉類＞にわとり　［若鶏肉］　もも　皮なし　焼き　,161
11226,＜鳥肉類＞にわとり　［若鶏肉］　もも　皮なし　ゆで　,155
11290,＜鳥肉類＞にわとり　［若鶏肉］　もも　皮なし　から揚げ　,255
11227,＜鳥肉類＞にわとり　［若鶏肉］　ささ身　生　,105
11228,＜鳥肉類＞にわとり　［若鶏肉］　ささ身　焼き　,127
11229,＜鳥肉類＞にわとり　［若鶏肉］　ささ身　ゆで　,125
11230,＜鳥肉類＞にわとり　［ひき肉］　生　　,186
11291,＜鳥肉類＞にわとり　［ひき肉］　焼き　　,255
11231,＜鳥肉類＞にわとり　［副生物］　心臓　生　,207
11232,＜鳥肉類＞にわとり　［副生物］　肝臓　生　,111
11233,＜鳥肉類＞にわとり　［副生物］　筋胃　生　,94
11234,＜鳥肉類＞にわとり　［副生物］　皮　むね　生　,492
11235,＜鳥肉類＞にわとり　［副生物］　皮　もも　生　,513
11236,＜鳥肉類＞にわとり　［副生物］　軟骨　生　,54
11237,＜鳥肉類＞にわとり　［その他］　焼き鳥缶詰　　,177
11292,＜鳥肉類＞にわとり　［その他］　チキンナゲット　,245
11293,＜鳥肉類＞にわとり　［その他］　つくね　,235
11238,＜鳥肉類＞はと　肉　皮なし　生　,141
11240,＜鳥肉類＞ほろほろちょう　肉　皮なし　生　　　,105
11241,＜その他＞いなご　つくだ煮　　　,247
11242,＜その他＞かえる　肉　生　　　,99
11243,＜その他＞すっぽん　肉　生　　　,197
11244,＜その他＞はち　はちの子缶詰　　　,250
12020,あひる卵　ピータン　　　,214
12001,うこっけい卵　全卵　生　　　,176
12002,うずら卵　全卵　生　　　,179
12003,うずら卵　水煮缶詰　　　,182
12004,鶏卵　全卵　生　,151
12005,鶏卵　全卵　ゆで　,151
12006,鶏卵　全卵　ポーチドエッグ　,164
12007,鶏卵　全卵　水煮缶詰　,146
12008,鶏卵　全卵　加糖全卵　,217
12009,鶏卵　全卵　乾燥全卵　,608
12010,鶏卵　卵黄　生　,387
12011,鶏卵　卵黄　ゆで　,386
12012,鶏卵　卵黄　加糖卵黄　,346
12013,鶏卵　卵黄　乾燥卵黄　,724
12014,鶏卵　卵白　生　,47
12015,鶏卵　卵白　ゆで　,50
12016,鶏卵　卵白　乾燥卵白　,378
12017,鶏卵　たまご豆腐　　,79
12018,鶏卵　たまご焼　厚焼きたまご　,151
12019,鶏卵　たまご焼　だし巻きたまご　,128
13001,＜牛乳及び乳製品＞（液状乳類）　生乳　ジャージー種　　,80
13002,＜牛乳及び乳製品＞（液状乳類）　生乳　ホルスタイン種　　,66
13003,＜牛乳及び乳製品＞（液状乳類）　普通牛乳　　　,67
13004,＜牛乳及び乳製品＞（液状乳類）　加工乳　濃厚　　,73
13005,＜牛乳及び乳製品＞（液状乳類）　加工乳　低脂肪　　,46
13006,＜牛乳及び乳製品＞（液状乳類）　脱脂乳　　　,33
13007,＜牛乳及び乳製品＞（液状乳類）　乳飲料　コーヒー　　,56
13008,＜牛乳及び乳製品＞（液状乳類）　乳飲料　フルーツ　　,46
13009,＜牛乳及び乳製品＞（粉乳類）　全粉乳　　　,500
13010,＜牛乳及び乳製品＞（粉乳類）　脱脂粉乳　　　,359
13011,＜牛乳及び乳製品＞（粉乳類）　乳児用調製粉乳　　　,514
13012,＜牛乳及び乳製品＞（練乳類）　無糖練乳　　　,144
13013,＜牛乳及び乳製品＞（練乳類）　加糖練乳　　　,332
13014,＜牛乳及び乳製品＞（クリーム類）　クリーム　乳脂肪　　,433
13015,＜牛乳及び乳製品＞（クリーム類）　クリーム　乳脂肪 ・ 植物性脂肪　　,409
13016,＜牛乳及び乳製品＞（クリーム類）　クリーム　植物性脂肪　　,392
13017,＜牛乳及び乳製品＞（クリーム類）　ホイップクリーム　乳脂肪　　,425
13018,＜牛乳及び乳製品＞（クリーム類）　ホイップクリーム　乳脂肪・植物性脂肪　　,413
13019,＜牛乳及び乳製品＞（クリーム類）　ホイップクリーム　植物性脂肪　　,402
13020,＜牛乳及び乳製品＞（クリーム類）　コーヒーホワイトナー　液状　乳脂肪　　,211
13021,＜牛乳及び乳製品＞（クリーム類）　コーヒーホワイトナー　液状　乳脂肪・植物性脂肪　　,228
13022,＜牛乳及び乳製品＞（クリーム類）　コーヒーホワイトナー　液状　植物性脂肪　　,248
13023,＜牛乳及び乳製品＞（クリーム類）　コーヒーホワイトナー　粉末状　乳脂肪　　,518
13024,＜牛乳及び乳製品＞（クリーム類）　コーヒーホワイトナー　粉末状　植物性脂肪　　,568
13025,＜牛乳及び乳製品＞（発酵乳・乳酸菌飲料）　ヨーグルト　全脂無糖　　,62
13053,＜牛乳及び乳製品＞（発酵乳・乳酸菌飲料）　ヨーグルト　低脂肪無糖　　,45
13054,＜牛乳及び乳製品＞（発酵乳・乳酸菌飲料）　ヨーグルト　無脂肪無糖　　,42
13026,＜牛乳及び乳製品＞（発酵乳・乳酸菌飲料）　ヨーグルト　脱脂加糖　　,67
13027,＜牛乳及び乳製品＞（発酵乳・乳酸菌飲料）　ヨーグルト　ドリンクタイプ　加糖　,65
13028,＜牛乳及び乳製品＞（発酵乳・乳酸菌飲料）　乳酸菌飲料　乳製品　　,71
13029,＜牛乳及び乳製品＞（発酵乳・乳酸菌飲料）　乳酸菌飲料　殺菌乳製品　　,217
13030,＜牛乳及び乳製品＞（発酵乳・乳酸菌飲料）　乳酸菌飲料　非乳製品　　,58
13031,＜牛乳及び乳製品＞（チーズ類）　ナチュラルチーズ　エダム　　,356
13032,＜牛乳及び乳製品＞（チーズ類）　ナチュラルチーズ　エメンタール　　,429
13033,＜牛乳及び乳製品＞（チーズ類）　ナチュラルチーズ　カテージ　　,105
13034,＜牛乳及び乳製品＞（チーズ類）　ナチュラルチーズ　カマンベール　　,310
13035,＜牛乳及び乳製品＞（チーズ類）　ナチュラルチーズ　クリーム　　,346
13036,＜牛乳及び乳製品＞（チーズ類）　ナチュラルチーズ　ゴーダ　　,380
13037,＜牛乳及び乳製品＞（チーズ類）　ナチュラルチーズ　チェダー　　,423
13038,＜牛乳及び乳製品＞（チーズ類）　ナチュラルチーズ　パルメザン　　,475
13039,＜牛乳及び乳製品＞（チーズ類）　ナチュラルチーズ　ブルー　　,349
13055,＜牛乳及び乳製品＞（チーズ類）　ナチュラルチーズ　マスカルポーネ　　,293
13056,＜牛乳及び乳製品＞（チーズ類）　ナチュラルチーズ　モッツァレラ　　,276
13057,＜牛乳及び乳製品＞（チーズ類）　ナチュラルチーズ　やぎ　　,296
13058,＜牛乳及び乳製品＞（チーズ類）　ナチュラルチーズ　リコッタ　　,162
13040,＜牛乳及び乳製品＞（チーズ類）　プロセスチーズ　　　,339
13041,＜牛乳及び乳製品＞（チーズ類）　チーズスプレッド　　　,305
13042,＜牛乳及び乳製品＞（アイスクリーム類）　アイスクリーム　高脂肪　　,212
13043,＜牛乳及び乳製品＞（アイスクリーム類）　アイスクリーム　普通脂肪　　,180
13044,＜牛乳及び乳製品＞（アイスクリーム類）　アイスミルク　　　,167
13045,＜牛乳及び乳製品＞（アイスクリーム類）　ラクトアイス　普通脂肪　　,224
13046,＜牛乳及び乳製品＞（アイスクリーム類）　ラクトアイス　低脂肪　　,108
13047,＜牛乳及び乳製品＞（アイスクリーム類）　ソフトクリーム　　　,146
13048,＜牛乳及び乳製品＞（その他）　カゼイン　　　,378
13049,＜牛乳及び乳製品＞（その他）　シャーベット　　　,127
13050,＜牛乳及び乳製品＞（その他）　チーズホエーパウダー　　　,362
13051,＜その他＞人乳　　　　,65
13052,＜その他＞やぎ乳　　　　,63
14023,（植物油脂類）　あまに油　,921
14024,（植物油脂類）　えごま油　,921
14001,（植物油脂類）　オリーブ油　　　,921
14002,（植物油脂類）　ごま油　　　,921
14003,（植物油脂類）　米ぬか油　　　,921
14004,（植物油脂類）　サフラワー油　ハイオレイック　,921
14025,（植物油脂類）　サフラワー油　ハイリノール　,921
14005,（植物油脂類）　大豆油　　　,921
14006,（植物油脂類）　調合油　　　,921
14007,（植物油脂類）　とうもろこし油　　　,921
14008,（植物油脂類）　なたね油　　　,921
14009,（植物油脂類）　パーム油　　　,921
14010,（植物油脂類）　パーム核油　　　,921
14011,（植物油脂類）　ひまわり油　ハイリノール　,921
14026,（植物油脂類）　ひまわり油  ミッドオレイック　　,921
14027,（植物油脂類）　ひまわり油　ハイオレイック　　,921
14028,（植物油脂類）　ぶどう油　　　,921
14012,（植物油脂類）　綿実油　　　,921
14013,（植物油脂類）　やし油　　　,921
14014,（植物油脂類）　落花生油　　　,921
14015,（動物脂類）　牛脂　　　,940
14016,（動物脂類）　ラード　　　,941
14017,（バター類）　有塩バター　　　,745
14018,（バター類）　食塩不使用バター　　　,763
14019,（バター類）　発酵バター　　　,752
14020,（マーガリン類）　ソフトタイプマーガリン　家庭用　,769
14029,（マーガリン類）　ソフトタイプマーガリン　業務用　,778
14021,（マーガリン類）　ファットスプレッド　　　,637
14022,（その他）　ショートニング　家庭用　　,920
14030,（その他）　ショートニング　業務用　製菓　　　,921
14031,（その他）　ショートニング　業務用　フライ　　　,920
15001,＜和生菓子・和半生菓子類＞甘納豆　あずき　　　,296
15002,＜和生菓子・和半生菓子類＞甘納豆　いんげんまめ　　　,302
15003,＜和生菓子・和半生菓子類＞甘納豆　えんどう　　　,310
15005,＜和生菓子・和半生菓子類＞今川焼　　　　,221
15006,＜和生菓子・和半生菓子類＞ういろう　　　　,183
15007,＜和生菓子・和半生菓子類＞うぐいすもち　　　　,241
15008,＜和生菓子・和半生菓子類＞かしわもち　　　　,206
15009,＜和生菓子・和半生菓子類＞カステラ　　　　,319
15010,＜和生菓子・和半生菓子類＞かのこ　　　　,264
15011,＜和生菓子・和半生菓子類＞かるかん　　　　,230
15012,＜和生菓子・和半生菓子類＞きび団子　　　　,304
15013,＜和生菓子・和半生菓子類＞ぎゅうひ　　　　,257
15014,＜和生菓子・和半生菓子類＞きりざんしょ　　　　,248
15015,＜和生菓子・和半生菓子類＞きんぎょく糖　　　　,288
15016,＜和生菓子・和半生菓子類＞きんつば　　　　,265
15017,＜和生菓子・和半生菓子類＞草もち　　　　,229
15018,＜和生菓子・和半生菓子類＞くし団子　あん　　　,201
15019,＜和生菓子・和半生菓子類＞くし団子　みたらし　　,197
15121,＜和生菓子・和半生菓子類＞くずもち　くずでん粉製品　　　,91
15122,＜和生菓子・和半生菓子類＞くずもち　小麦でん粉製品　,91
15020,＜和生菓子・和半生菓子類＞げっぺい　　　　,357
15123,＜和生菓子・和半生菓子類＞五平もち　,181
15021,＜和生菓子・和半生菓子類＞桜もち　関東風　　　,239
15022,＜和生菓子・和半生菓子類＞桜もち　関西風　　　,200
15124,＜和生菓子・和半生菓子類＞笹だんご　　　　,239
15023,＜和生菓子・和半生菓子類＞大福もち　　　　,235
15024,＜和生菓子・和半生菓子類＞タルト（和菓子）　　　　,293
15025,＜和生菓子・和半生菓子類＞ちまき　　　　,153
15026,＜和生菓子・和半生菓子類＞ちゃつう　　　　,328
15027,＜和生菓子・和半生菓子類＞どら焼　　　　,284
15004,＜和生菓子・和半生菓子類＞生八つ橋　あん入り　　　　,279
15028,＜和生菓子・和半生菓子類＞ねりきり　　　　,264
15029,＜和生菓子・和半生菓子類＞まんじゅう　カステラまんじゅう　　　,294
15030,＜和生菓子・和半生菓子類＞まんじゅう　くずまんじゅう　　　,220
15031,＜和生菓子・和半生菓子類＞まんじゅう　くりまんじゅう　　　,309
15032,＜和生菓子・和半生菓子類＞まんじゅう　とうまんじゅう　　　,297
15033,＜和生菓子・和半生菓子類＞まんじゅう　蒸しまんじゅう　　　,260
15034,＜和生菓子・和半生菓子類＞まんじゅう　中華まんじゅう　あんまん　　,280
15035,＜和生菓子・和半生菓子類＞まんじゅう　中華まんじゅう　肉まん　　,260
15036,＜和生菓子・和半生菓子類＞もなか　　　　,285
15037,＜和生菓子・和半生菓子類＞ゆべし　　　　,327
15038,＜和生菓子・和半生菓子類＞ようかん　練りようかん　　　,296
15039,＜和生菓子・和半生菓子類＞ようかん　水ようかん　　　,171
15040,＜和生菓子・和半生菓子類＞ようかん　蒸しようかん　　　,242
15041,＜和干菓子類＞あめ玉　　　　,390
15042,＜和干菓子類＞芋かりんとう　　　　,476
15043,＜和干菓子類＞おこし　　　　,383
15044,＜和干菓子類＞おのろけ豆　　　　,448
15045,＜和干菓子類＞かりんとう　黒　　　,440
15046,＜和干菓子類＞かりんとう　白　　　,444
15047,＜和干菓子類＞ごかぼう　　　　,387
15048,＜和干菓子類＞小麦粉せんべい　磯部せんべい　　　,381
15049,＜和干菓子類＞小麦粉せんべい　かわらせんべい　　　,398
15050,＜和干菓子類＞小麦粉せんべい　巻きせんべい　　　,392
15051,＜和干菓子類＞小麦粉せんべい　南部せんべい　ごま入り　　,431
15052,＜和干菓子類＞小麦粉せんべい　南部せんべい　落花生入り　　,428
15053,＜和干菓子類＞しおがま　　　　,355
15055,＜和干菓子類＞ひなあられ　関東風　　　,400
15056,＜和干菓子類＞ひなあられ　関西風　　　,398
15057,＜和干菓子類＞米菓　揚げせんべい　　　,465
15058,＜和干菓子類＞米菓　甘辛せんべい　　　,380
15059,＜和干菓子類＞米菓　あられ　　　,381
15060,＜和干菓子類＞米菓　しょうゆせんべい　　　,373
15061,＜和干菓子類＞ボーロ　小粒　　　,391
15062,＜和干菓子類＞ボーロ　そばボーロ　　　,406
15063,＜和干菓子類＞松風　　　　,381
15064,＜和干菓子類＞みしま豆　　　　,430
15065,＜和干菓子類＞八つ橋　　　　,394
15066,＜和干菓子類＞らくがん　らくがん　　　,389
15067,＜和干菓子類＞らくがん　麦らくがん　　　,397
15068,＜和干菓子類＞らくがん　もろこしらくがん　　　,389
15125,＜菓子パン類＞揚げパン　　　　,377
15069,＜菓子パン類＞あんパン　　　　,280
15126,＜菓子パン類＞あんパン　薄皮タイプ　,260
15127,＜菓子パン類＞カレーパン 皮及び具　,321
15128,＜菓子パン類＞カレーパン　皮のみ　,384
15129,＜菓子パン類＞カレーパン　具のみ　,180
15070,＜菓子パン類＞クリームパン　　　　,305
15130,＜菓子パン類＞クリームパン　薄皮タイプ　,227
15071,＜菓子パン類＞ジャムパン　　　　,297
15072,＜菓子パン類＞チョココロネ　　　　,337
15131,＜菓子パン類＞チョコパン　薄皮タイプ　,348
15132,＜菓子パン類＞メロンパン　　　　,366
15073,＜ケーキ・ペストリー類＞シュークリーム　　　　,228
15074,＜ケーキ・ペストリー類＞スポンジケーキ　　　　,298
15075,＜ケーキ・ペストリー類＞ショートケーキ 果実なし　　　　,327
15133,＜ケーキ・ペストリー類＞タルト（洋菓子）　　　　,262
15134,＜ケーキ・ペストリー類＞チーズケーキ　ベイクドチーズケーキ　　　,318
15135,＜ケーキ・ペストリー類＞チーズケーキ　レアチーズケーキ　　　,364
15076,＜ケーキ・ペストリー類＞デニッシュペストリー　　　　,417
15077,＜ケーキ・ペストリー類＞ドーナッツ　イーストドーナッツ　　　,386
15078,＜ケーキ・ペストリー類＞ドーナッツ　ケーキドーナッツ　　　,375
15079,＜ケーキ・ペストリー類＞パイ　パイ皮　　　,435
15080,＜ケーキ・ペストリー類＞パイ　アップルパイ　　　,304
15081,＜ケーキ・ペストリー類＞パイ　ミートパイ　　　,397
15082,＜ケーキ・ペストリー類＞バターケーキ　　　　,443
15083,＜ケーキ・ペストリー類＞ホットケーキ　　　　,261
15084,＜ケーキ・ペストリー類＞ワッフル　カスタードクリーム入り　　　,252
15085,＜ケーキ・ペストリー類＞ワッフル　ジャム入り　　　,287
15086,＜デザート菓子類＞カスタードプリン　　　　,126
15136,＜デザート菓子類＞牛乳寒天　　,65
15087,＜デザート菓子類＞ゼリー　オレンジ　　　,89
15088,＜デザート菓子類＞ゼリー　コーヒー　　　,48
15089,＜デザート菓子類＞ゼリー　ミルク　　　,109
15090,＜デザート菓子類＞ゼリー　ワイン　　　,66
15091,＜デザート菓子類＞ババロア　　　　,218
15092,＜ビスケット類＞ウエハース　　　　,454
15141,＜ビスケット類＞ウエハース、クリーム入り　,499
15093,＜ビスケット類＞クラッカー　オイルスプレークラッカー　　　,492
15094,＜ビスケット類＞クラッカー　ソーダクラッカー　　　,427
15095,＜ビスケット類＞サブレ　　　　,465
15054,＜ビスケット類＞中華風クッキー　　　　,533
15097,＜ビスケット類＞ビスケット　ハードビスケット　　　,432
15098,＜ビスケット類＞ビスケット　ソフトビスケット　　　,522
15099,＜ビスケット類＞プレッツェル　　　　,480
15096,＜ビスケット類＞リーフパイ　　　　,566
15100,＜ビスケット類＞ロシアケーキ　　　　,498
15101,＜スナック類＞小麦粉あられ　　　　,481
15102,＜スナック類＞コーンスナック　　　　,526
15103,＜スナック類＞ポテトチップス　ポテトチップス　　　,554
15104,＜スナック類＞ポテトチップス　成形ポテトチップス　　　,540
15109,＜キャンデー類＞かわり玉　　　　,385
15105,＜キャンデー類＞キャラメル　　　　,433
15107,＜キャンデー類＞ゼリーキャンデー　　　　,336
15108,＜キャンデー類＞ゼリービーンズ　　　　,362
15110,＜キャンデー類＞ドロップ　　　　,392
15111,＜キャンデー類＞バタースコッチ　　　　,423
15112,＜キャンデー類＞ブリットル　　　　,521
15113,＜キャンデー類＞マシュマロ　　　　,326
15106,＜キャンデー類＞ラムネ　,373
15137,＜チョコレート類＞アーモンドチョコレート　　　　,583
15114,＜チョコレート類＞カバーリングチョコレート　　　　,511
15115,＜チョコレート類＞ホワイトチョコレート　　　　,588
15116,＜チョコレート類＞ミルクチョコレート　　　　,558
15117,＜果実菓子類＞マロングラッセ　　　　,317
15118,＜チューインガム類＞板ガム　　　　,388
15119,＜チューインガム類＞糖衣ガム　　　　,390
15120,＜チューインガム類＞風船ガム　　　　,387
15138,＜その他＞カスタードクリーム　　　　,187
15139,＜その他＞しるこ　こしあん　,216
15140,＜その他＞しるこ　つぶしあん　,183
16001,＜アルコール飲料類＞（醸造酒類）　清酒　普通酒　　,109
16002,＜アルコール飲料類＞（醸造酒類）　清酒　純米酒　　,103
16003,＜アルコール飲料類＞（醸造酒類）　清酒　本醸造酒　　,107
16004,＜アルコール飲料類＞（醸造酒類）　清酒　吟醸酒　　,104
16005,＜アルコール飲料類＞（醸造酒類）　清酒　純米吟醸酒　　,103
16006,＜アルコール飲料類＞（醸造酒類）　ビール　淡色　　,40
16007,＜アルコール飲料類＞（醸造酒類）　ビール　黒　　,46
16008,＜アルコール飲料類＞（醸造酒類）　ビール　スタウト　　,63
16009,＜アルコール飲料類＞（醸造酒類）　発泡酒　　　,45
16010,＜アルコール飲料類＞（醸造酒類）　ぶどう酒　白　　,73
16011,＜アルコール飲料類＞（醸造酒類）　ぶどう酒　赤　　,73
16012,＜アルコール飲料類＞（醸造酒類）　ぶどう酒　ロゼ　　,77
16013,＜アルコール飲料類＞（醸造酒類）　紹興酒　　　　,127
16014,＜アルコール飲料類＞（蒸留酒類）しょうちゅう　連続式蒸留しょうちゅう　　,206
16015,＜アルコール飲料類＞（蒸留酒類）しょうちゅう　単式蒸留しょうちゅう　　,146
16016,＜アルコール飲料類＞（蒸留酒類）ウイスキー　　　,237
16017,＜アルコール飲料類＞（蒸留酒類）ブランデー　　　,237
16018,＜アルコール飲料類＞（蒸留酒類）ウオッカ　　　,240
16019,＜アルコール飲料類＞（蒸留酒類）ジン　　　,284
16020,＜アルコール飲料類＞（蒸留酒類）ラム　　　,240
16021,＜アルコール飲料類＞（蒸留酒類）マオタイ酒　　　,322
16022,＜アルコール飲料類＞（混成酒類）梅酒　　　,156
16023,＜アルコール飲料類＞（混成酒類）合成清酒　　　,109
16024,＜アルコール飲料類＞（混成酒類）白酒　　　,238
16025,＜アルコール飲料類＞（混成酒類）みりん　本みりん　　,241
16026,＜アルコール飲料類＞（混成酒類）みりん　本直し　　,181
16027,＜アルコール飲料類＞（混成酒類）薬味酒　　　,182
16028,＜アルコール飲料類＞（混成酒類）キュラソー　　　,322
16029,＜アルコール飲料類＞（混成酒類）スイートワイン　　　,133
16030,＜アルコール飲料類＞（混成酒類）ペパーミント　　　,302
16031,＜アルコール飲料類＞（混成酒類）ベルモット　甘口タイプ　　,152
16032,＜アルコール飲料類＞（混成酒類）ベルモット　辛口タイプ　　,117
16033,＜茶類＞　（緑茶類）　玉露　茶　,329
16034,＜茶類＞　（緑茶類）　玉露　浸出液　,5
16035,＜茶類＞　（緑茶類）　抹茶　　,324
16036,＜茶類＞　（緑茶類）　せん茶　茶　,331
16037,＜茶類＞　（緑茶類）　せん茶　浸出液　,2
16038,＜茶類＞　（緑茶類）　かまいり茶　浸出液　,0
16039,＜茶類＞　（緑茶類）　番茶　浸出液　,0
16040,＜茶類＞　（緑茶類）　ほうじ茶　浸出液　,0
16041,＜茶類＞　（緑茶類）　玄米茶　浸出液　,0
16042,＜茶類＞　（発酵茶類）　ウーロン茶　浸出液　,0
16043,＜茶類＞　（発酵茶類）　紅茶　茶　,311
16044,＜茶類＞　（発酵茶類）　紅茶　浸出液　,1
16045,＜コーヒー・ココア類＞　コーヒー　浸出液　　,4
16046,＜コーヒー・ココア類＞　コーヒー　インスタントコーヒー　　,288
16047,＜コーヒー・ココア類＞　コーヒー　コーヒー飲料　乳成分入り　加糖　　,38
16048,＜コーヒー・ココア類＞　ココア　ピュアココア　　,271
16049,＜コーヒー・ココア類＞　ココア　ミルクココア　　,412
16056,＜その他＞　青汁　ケール　,375
16050,＜その他＞　甘酒　　　,81
16051,＜その他＞　昆布茶　　　,98
16057,＜その他＞　スポーツドリンク　　　,21
16052,＜その他＞　（炭酸飲料類）　果実色飲料　　,51
16053,＜その他＞　（炭酸飲料類）　コーラ　　,46
16054,＜その他＞　（炭酸飲料類）　サイダー　　,41
16058,＜その他＞　（炭酸飲料類）　ビール風味炭酸飲料　　,5
16055,＜その他＞　麦茶　浸出液　　,1
17001,＜調味料類＞（ウスターソース類）　ウスターソース　　　,117
17002,＜調味料類＞（ウスターソース類）　中濃ソース　　　,132
17003,＜調味料類＞（ウスターソース類）　濃厚ソース　　　,132
17085,＜調味料類＞（ウスターソース類）　お好み焼きソース　　　,148
17004,＜調味料類＞（辛味調味料類）　トウバンジャン　　　,60
17005,＜調味料類＞（辛味調味料類）　チリペッパーソース　　　,55
17006,＜調味料類＞（辛味調味料類）　ラー油　　　,919
17007,＜調味料類＞（しょうゆ類）こいくちしょうゆ　　　,71
17008,＜調味料類＞（しょうゆ類）うすくちしょうゆ　　　,54
17009,＜調味料類＞（しょうゆ類）たまりしょうゆ　　　,111
17010,＜調味料類＞（しょうゆ類）さいしこみしょうゆ　　　,102
17011,＜調味料類＞（しょうゆ類）しろしょうゆ　　　,87
17086,＜調味料類＞（しょうゆ類）減塩しょうゆ　こいくち　,69
17087,＜調味料類＞（しょうゆ類）だししょうゆ　,37
17088,＜調味料類＞（しょうゆ類）照りしょうゆ　,170
17012,＜調味料類＞（食塩類）食塩　　　,0
17013,＜調味料類＞（食塩類）並塩　　　,0
17014,＜調味料類＞（食塩類）精製塩　家庭用　　,0
17089,＜調味料類＞（食塩類）精製塩　業務用　　,0
17090,＜調味料類＞（食酢類）黒酢　　　,54
17015,＜調味料類＞（食酢類）穀物酢　　　,25
17016,＜調味料類＞（食酢類）米酢　　　,46
17091,＜調味料類＞（食酢類）果実酢　バルサミコ酢　　,99
17017,＜調味料類＞（食酢類）果実酢　ぶどう酢　　,22
17018,＜調味料類＞（食酢類）果実酢　りんご酢　　,26
17019,＜調味料類＞（だし類）かつおだし　　　,3
17020,＜調味料類＞（だし類）昆布だし　　　,4
17021,＜調味料類＞（だし類）かつお・昆布だし　　　,2
17022,＜調味料類＞（だし類）しいたけだし　　　,4
17023,＜調味料類＞（だし類）煮干しだし　　　,1
17024,＜調味料類＞（だし類）鳥がらだし　　　,7
17025,＜調味料類＞（だし類）中華だし　　　,3
17026,＜調味料類＞（だし類）洋風だし　　　,6
17027,＜調味料類＞（だし類）固形ブイヨン　,235
17092,＜調味料類＞（だし類）顆粒おでん用　,168
17093,＜調味料類＞（だし類）顆粒中華だし　　　,211
17028,＜調味料類＞（だし類）顆粒和風だし　　　,224
17029,＜調味料類＞（だし類）めんつゆ　ストレート　　,44
17030,＜調味料類＞（だし類）めんつゆ　三倍濃厚　　,98
17094,＜調味料類＞（調味ソース類）甘酢　　　,125
17095,＜調味料類＞（調味ソース類）エビチリの素　　　,55
17031,＜調味料類＞（調味ソース類）オイスターソース　　　,107
17096,＜調味料類＞（調味ソース類）黄身酢　　　,230
17097,＜調味料類＞（調味ソース類）ごま酢　　　,217
17098,＜調味料類＞（調味ソース類）ごまだれ　　　,285
17099,＜調味料類＞（調味ソース類）三杯酢　　　,86
17100,＜調味料類＞（調味ソース類）二杯酢　,57
17101,＜調味料類＞（調味ソース類）すし酢　ちらし・稲荷用　,150
17102,＜調味料類＞（調味ソース類）すし酢　にぎり用　,70
17103,＜調味料類＞（調味ソース類）すし酢　巻き寿司・箱寿司用　,107
17104,＜調味料類＞（調味ソース類）中華風合わせ酢　　,151
17105,＜調味料類＞（調味ソース類）デミグラスソース　　　,82
17106,＜調味料類＞（調味ソース類）テンメンジャン　　　,256
17107,＜調味料類＞（調味ソース類）ナンプラー　　　,48
17108,＜調味料類＞（調味ソース類）冷やし中華のたれ　　　,57
17109,＜調味料類＞（調味ソース類）ホワイトソース　　　,99
17110,＜調味料類＞（調味ソース類）ぽん酢しょうゆ　　,47
17032,＜調味料類＞（調味ソース類）マーボー豆腐の素　　　,115
17111,＜調味料類＞（調味ソース類）マリネ液　　　,68
17033,＜調味料類＞（調味ソース類）ミートソース　　　,101
17112,＜調味料類＞（調味ソース類）焼き鳥のたれ　　　,131
17113,＜調味料類＞（調味ソース類）焼き肉のたれ　　　,169
17114,＜調味料類＞（調味ソース類）みたらしのたれ　　　,128
17115,＜調味料類＞（調味ソース類）ゆずこしょう　　　,49
17034,＜調味料類＞（トマト加工品類）トマトピューレー　　　,41
17035,＜調味料類＞（トマト加工品類）トマトペースト　　　,89
17036,＜調味料類＞（トマト加工品類）トマトケチャップ　　　,119
17037,＜調味料類＞（トマト加工品類）トマトソース　　　,44
17038,＜調味料類＞（トマト加工品類）チリソース　　　,115
17039,＜調味料類＞（ドレッシング類）和風ドレッシングタイプ調味料　　　,82
17040,＜調味料類＞（ドレッシング類）フレンチドレッシング　　　,406
17116,＜調味料類＞（ドレッシング類）和風ドレッシング　　　,198
17117,＜調味料類＞（ドレッシング類）ごまドレッシング　　　,360
17041,＜調味料類＞（ドレッシング類）サウザンアイランドドレッシング　　　,416
17042,＜調味料類＞（ドレッシング類）マヨネーズ　全卵型　　,703
17043,＜調味料類＞（ドレッシング類）マヨネーズ　卵黄型　　,670
17118,＜調味料類＞（ドレッシング類）マヨネーズタイプ調味料　低カロリータイプ　　,282
17044,＜調味料類＞（みそ類）米みそ　甘みそ　　,217
17045,＜調味料類＞（みそ類）米みそ　淡色辛みそ　　,192
17046,＜調味料類＞（みそ類）米みそ　赤色辛みそ　　,186
17047,＜調味料類＞（みそ類）麦みそ　　　,198
17048,＜調味料類＞（みそ類）豆みそ　　　,217
17119,＜調味料類＞（みそ類）減塩みそ　　　,192
17120,＜調味料類＞（みそ類）だし入りみそ　　　,194
17049,＜調味料類＞（みそ類）即席みそ　粉末タイプ　　,343
17050,＜調味料類＞（みそ類）即席みそ　ペーストタイプ　　,131
17121,＜調味料類＞（みそ類）辛子酢みそ　　,221
17122,＜調味料類＞（みそ類）ごまみそ　　,258
17123,＜調味料類＞（みそ類）酢みそ　　,216
17124,＜調味料類＞（みそ類）練りみそ　　,273
17051,＜調味料類＞（ルウ類）　カレールウ　　　,512
17052,＜調味料類＞（ルウ類）　ハヤシルウ　　　,512
17125,＜調味料類＞（その他）　お茶漬けの素　さけ　　,264
17053,＜調味料類＞（その他）　酒かす　　　,227
17126,＜調味料類＞（その他）　即席すまし汁　　,203
17127,＜調味料類＞（その他）　ふりかけ　たまご　　,450
17054,＜調味料類＞（その他）　みりん風調味料　　　,226
17055,＜香辛料類＞オールスパイス　粉　　　,374
17056,＜香辛料類＞オニオンパウダー　　　　,364
17057,＜香辛料類＞からし　粉　　　,436
17058,＜香辛料類＞からし　練り　　　,315
17059,＜香辛料類＞からし　練りマスタード　　　,174
17060,＜香辛料類＞からし　粒入りマスタード　　　,229
17061,＜香辛料類＞カレー粉　　　　,415
17062,＜香辛料類＞クローブ　粉　　　,417
17063,＜香辛料類＞こしょう　黒　粉　　　,364
17064,＜香辛料類＞こしょう　白　粉　　　,378
17065,＜香辛料類＞こしょう　混合　粉　　　,371
17066,＜香辛料類＞さんしょう　粉　　　,375
17067,＜香辛料類＞シナモン　粉　　　,364
17068,＜香辛料類＞しょうが　粉　　　,365
17069,＜香辛料類＞しょうが　おろし　　　,43
17070,＜香辛料類＞セージ　粉　　　,384
17071,＜香辛料類＞タイム　粉　　　,352
17072,＜香辛料類＞チリパウダー　　　　,374
17073,＜香辛料類＞とうがらし　粉　　　,419
17074,＜香辛料類＞ナツメグ　粉　　　,559
17075,＜香辛料類＞にんにく　ガーリックパウダー　食塩無添加　　,382
17128,＜香辛料類＞にんにく　ガーリックパウダー　食塩添加　　,382
17076,＜香辛料類＞にんにく　おろし　　　,171
17077,＜香辛料類＞バジル　粉　　　,307
17078,＜香辛料類＞パセリ　乾　　　,341
17079,＜香辛料類＞パプリカ　粉　　　,389
17080,＜香辛料類＞わさび　粉　からし粉入り　　　,384
17081,＜香辛料類＞わさび　練り　　　,265
17082,＜その他＞酵母　パン酵母　圧搾　　　,103
17083,＜その他＞酵母　パン酵母　乾燥　　　,313
17129,＜その他＞天ぷら用バッター　　,137
17084,＜その他＞ベーキングパウダー　　　　,127
18001,カレー　ビーフ　レトルトパウチ　　　,118
18002,ぎょうざ　冷凍　　　,197
18003,グラタン　えび　冷凍　　　,133
18004,コーンクリームスープ　粉末タイプ　　　,425
18005,コーンクリームスープ　レトルトパウチ　　　,86
18006,コロッケ　クリームタイプ　フライ用　冷凍　　　,159
18017,コロッケ　クリームタイプ　フライ済み　冷凍　　　,256
18007,コロッケ　ポテトタイプ　フライ用　冷凍　　　,164
18018,コロッケ　ポテトタイプ　フライ済み　冷凍　　　,279
18008,（魚フライ類）いかフライ　フライ用　冷凍　　　,146
18019,（魚フライ類）いかフライ　フライ済み　冷凍　　　,329
18009,（魚フライ類）えびフライ　フライ用　冷凍　　　,139
18020,（魚フライ類）えびフライ　フライ済み　冷凍　　　,292
18010,（魚フライ類）白身フライ　フライ用　冷凍　　　,148
18021,（魚フライ類）白身フライ　フライ済み　冷凍　　　,300
18011,シチュー　ビーフ　レトルトパウチ　　　,118
18012,しゅうまい　冷凍　　　,215
18013,ハンバーグ　冷凍　　　,223
18014,ピラフ　冷凍　　　,161
18015,ミートボール　冷凍　　　,244
18016,メンチカツ　フライ用　冷凍　　　,196
18022,メンチカツ　フライ済み　冷凍　,308