food_number,food_name,cal_per_hundred
1001,アマランサス　玄穀　,358
1002,あわ　精白粒　,367
1003,あわ　あわもち　,214
1004,えんばく オートミール　,380
1005,おおむぎ 七分つき押麦　,341
1006,おおむぎ　押麦　,340
1007,おおむぎ　米粒麦　,343
1008,おおむぎ　大麦めん　乾　,339
1009,おおむぎ　大麦めん　ゆで　,122
1010,おおむぎ　麦こがし　,391
1011,きび　精白粒　　　,363
1012,こむぎ　［玄穀］　国産　普通　,337
1013,こむぎ　［玄穀］　輸入　軟質　,348
1014,こむぎ　［玄穀］　輸入　硬質　,334
1015,こむぎ　［小麦粉］　薄力粉　1等　,367
1016,こむぎ　［小麦粉］　薄力粉　2等　,368
1018,こむぎ　［小麦粉］　中力粉　1等　,367
1019,こむぎ　［小麦粉］　中力粉　2等　,368
1020,こむぎ　［小麦粉］　強力粉　1等　,365
1021,こむぎ　［小麦粉］　強力粉　2等　,366
1023,こむぎ　［小麦粉］　強力粉　全粒粉　,328
1146,こむぎ　［小麦粉］　プレミックス粉　お好み焼き用　,352
1024,こむぎ　［小麦粉］　プレミックス粉　ホットケーキ用　,365
1147,こむぎ　［小麦粉］　プレミックス粉　から揚げ用　,331
1025,こむぎ　［小麦粉］　プレミックス粉　天ぷら用　,351
1026,こむぎ　［パン類］　食パン　　,264
1028,こむぎ　［パン類］　コッペパン　　,265
1030,こむぎ　［パン類］　乾パン　　,393
1031,こむぎ　［パン類］　フランスパン　　,279
1032,こむぎ　［パン類］　ライ麦パン　　,264
1033,こむぎ　［パン類］　ぶどうパン　　,269
1034,こむぎ　［パン類］　ロールパン　　,316
1035,こむぎ　［パン類］　クロワッサン　　,448
1036,こむぎ　［パン類］　イングリッシュマフィン　　,228
1037,こむぎ　［パン類］　ナン　　,262
1148,こむぎ　［パン類］　ベーグル　　,275
1038,こむぎ　［うどん・そうめん類］　うどん　生　,270
1039,こむぎ　［うどん・そうめん類］　うどん　ゆで　,105
1041,こむぎ　［うどん・そうめん類］　干しうどん　乾　,348
1042,こむぎ　［うどん・そうめん類］　干しうどん　ゆで　,126
1043,こむぎ　［うどん・そうめん類］　そうめん・ひやむぎ　乾　,356
1044,こむぎ　［うどん・そうめん類］　そうめん・ひやむぎ　ゆで　,127
1045,こむぎ　［うどん・そうめん類］　手延そうめん・手延ひやむぎ　乾　,342
1046,こむぎ　［うどん・そうめん類］　手延そうめん・手延ひやむぎ　ゆで　,127
1047,こむぎ　［中華めん類］　中華めん　生　,281
1048,こむぎ　［中華めん類］　中華めん　ゆで　,149
1049,こむぎ　［中華めん類］　蒸し中華めん　　,198
1050,こむぎ　［中華めん類］　干し中華めん　乾　,365
1051,こむぎ　［中華めん類］　干し中華めん　ゆで　,140
1052,こむぎ　［中華めん類］　沖縄そば　生　,284
1053,こむぎ　［中華めん類］　沖縄そば　ゆで　,147
1054,こむぎ　［中華めん類］　干し沖縄そば　乾　,351
1055,こむぎ　［中華めん類］　干し沖縄そば　ゆで　,148
1056,こむぎ　［即席めん類］　即席中華めん　油揚げ味付け　,445
1057,こむぎ　［即席めん類］　即席中華めん　油揚げ　,458
1058,こむぎ　［即席めん類］　即席中華めん　非油揚げ　,356
1059,こむぎ　［即席めん類］　中華スタイル即席カップめん　油揚げ　,448
1060,こむぎ　［即席めん類］　中華スタイル即席カップめん　油揚げ　焼きそば　,436
1061,こむぎ　［即席めん類］　中華スタイル即席カップめん　非油揚げ　,342
1062,こむぎ　［即席めん類］　和風スタイル即席カップめん　油揚げ　,451
1063,こむぎ　［マカロニ・スパゲッティ類］　マカロニ・スパゲッティ　乾　,379
1064,こむぎ　［マカロニ・スパゲッティ類］　マカロニ・スパゲッティ　ゆで　,165
1149,こむぎ　［マカロニ・スパゲッティ類］　生パスタ　生　,247
1065,こむぎ　［ふ類］　生ふ　　,163
1066,こむぎ　［ふ類］　焼きふ　釜焼きふ　,385
1067,こむぎ　［ふ類］　焼きふ　板ふ　,379
1068,こむぎ　［ふ類］　焼きふ　車ふ　,387
1070,こむぎ　［その他］　小麦はいが　　,426
1071,こむぎ　［その他］　小麦たんぱく　粉末状　,437
1072,こむぎ　［その他］　小麦たんぱく　粒状　,111
1073,こむぎ　［その他］　小麦たんぱく　ペースト状　,159
1074,こむぎ　［その他］　ぎょうざの皮　　,291
1075,こむぎ　［その他］　しゅうまいの皮　　,295
1076,こむぎ　［その他］　ピザ生地　,268
1069,こむぎ　［その他］　ちくわぶ　　,171
1077,こむぎ　［その他］　パン粉　生　,280
1078,こむぎ　［その他］　パン粉　半生　,319
1079,こむぎ　［その他］　パン粉　乾燥　,373
1150,こむぎ　［その他］　冷めん　生　,252
1080,こめ　［水稲穀粒］　玄米　　,353
1081,こめ　［水稲穀粒］　半つき米　　,356
1082,こめ　［水稲穀粒］　七分つき米　　,359
1083,こめ　［水稲穀粒］　精白米　うるち米　,358
1151,こめ　［水稲穀粒］　精白米　もち米　,359
1152,こめ　［水稲穀粒］　精白米　インディカ米　,369
1084,こめ　［水稲穀粒］　はいが精米　　,357
1153,こめ　［水稲穀粒］　発芽玄米　　,356
1085,こめ　［水稲めし］　玄米　　,165
1086,こめ　［水稲めし］　半つき米　　,167
1087,こめ　［水稲めし］　七分つき米　　,168
1088,こめ　［水稲めし］　精白米　うるち米　,168
1154,こめ　［水稲めし］　精白米　もち米　,202
1089,こめ　［水稲めし］　はいが精米　　,167
1155,こめ　［水稲めし］　発芽玄米　　,167
1090,こめ　［水稲全かゆ］　玄米　　,70
1091,こめ　［水稲全かゆ］　半つき米　　,71
1092,こめ　［水稲全かゆ］　七分つき米　　,71
1093,こめ　［水稲全かゆ］　精白米　　,71
1094,こめ　［水稲五分かゆ］　玄米　　,35
1095,こめ　［水稲五分かゆ］　半つき米　　,35
1096,こめ　［水稲五分かゆ］　七分つき米　　,35
1097,こめ　［水稲五分かゆ］　精白米　　,36
1098,こめ　［水稲おもゆ］　玄米　　,20
1099,こめ　［水稲おもゆ］　半つき米　　,21
1100,こめ　［水稲おもゆ］　七分つき米　　,21
1101,こめ　［水稲おもゆ］　精白米　　,21
1102,こめ　［陸稲穀粒］　玄米　　,351
1103,こめ　［陸稲穀粒］　半つき米　　,355
1104,こめ　［陸稲穀粒］　七分つき米　　,358
1105,こめ　［陸稲穀粒］　精白米　　,357
1106,こめ　［陸稲めし］　玄米　　,164
1107,こめ　［陸稲めし］　半つき米　　,166
1108,こめ　［陸稲めし］　七分つき米　　,168
1109,こめ　［陸稲めし］　精白米　　,168
1110,こめ　［うるち米製品］　アルファ化米　一般用　,388
1156,こめ　［うるち米製品］　アルファ化米　学校給食用強化品　,388
1111,こめ　［うるち米製品］　おにぎり　　,179
1112,こめ　［うるち米製品］　焼きおにぎり　　,181
1113,こめ　［うるち米製品］　きりたんぽ　　,210
1114,こめ　［うるち米製品］　上新粉　　,362
1157,こめ　［うるち米製品］　玄米粉　　,395
1158,こめ　［うるち米製品］　米粉　　,374
1159,こめ　［うるち米製品］　米粉パン　　,255
1160,こめ　［うるち米製品］　米粉めん　　,265
1115,こめ　［うるち米製品］　ビーフン　　,377
1116,こめ　［うるち米製品］　米こうじ　　,286
1117,こめ　［もち米製品］　もち　　,234
1118,こめ　［もち米製品］　赤飯　　,190
1119,こめ　［もち米製品］　あくまき　　,132
1120,こめ　［もち米製品］　白玉粉　　,369
1121,こめ　［もち米製品］　道明寺粉　　,372
1161,こめ　［その他］　米ぬか　　,412
1122,そば　そば粉　全層粉　　,361
1123,そば　そば粉　内層粉　　,359
1124,そば　そば粉　中層粉　　,360
1125,そば　そば粉　表層粉　　,358
1126,そば　そば米　　　,364
1127,そば　そば　生　　,274
1128,そば　そば　ゆで　　,132
1129,そば　干しそば　乾　　,344
1130,そば　干しそば　ゆで　　,114
1131,とうもろこし　玄穀　黄色種　　,350
1162,とうもろこし　玄穀　白色種　　,350
1132,とうもろこし　コーンミール　黄色種　　,363
1163,とうもろこし　コーンミール　白色種　　,363
1133,とうもろこし　コーングリッツ　黄色種　　,355
1164,とうもろこし　コーングリッツ　白色種　　,355
1134,とうもろこし　コーンフラワー　黄色種　　,363
1165,とうもろこし　コーンフラワー　白色種　　,363
1135,とうもろこし　ジャイアントコーン　フライ　味付け　　,435
1136,とうもろこし　ポップコーン　　　,484
1137,とうもろこし　コーンフレーク　　　,381
1138,はとむぎ　精白粒　　　,360
1139,ひえ　精白粒　　　,366
1140,もろこし　玄穀　　　,352
1141,もろこし　精白粒　　　,364
1142,ライむぎ　全粒粉　　　,334
1143,ライむぎ　ライ麦粉　　　,351
1166,穀類混合品　五穀　,357
2001,＜いも類＞きくいも　塊茎　生　　　,35
2041,＜いも類＞きくいも　塊茎　水煮　　　,28
2002,＜いも類＞こんにゃく　精粉　　　,177
2003,＜いも類＞こんにゃく　板こんにゃく　精粉こんにゃく　　,5
2004,＜いも類＞こんにゃく　板こんにゃく　生いもこんにゃく　　,7
2042,＜いも類＞こんにゃく　赤こんにゃく　　　,5
2043,＜いも類＞こんにゃく　凍みこんにゃく　乾　　,167
2044,＜いも類＞こんにゃく　凍みこんにゃく　ゆで　　,36
2005,＜いも類＞こんにゃく　しらたき　　　,6
2006,＜いも類＞（さつまいも類）さつまいも　塊根　皮むき　生　　,134
2007,＜いも類＞（さつまいも類）さつまいも　塊根　皮むき　蒸し　　,134
2008,＜いも類＞（さつまいも類）さつまいも　塊根　皮むき　焼き　　,163
2045,＜いも類＞（さつまいも類）さつまいも　塊根　皮つき　生　　,140
2046,＜いも類＞（さつまいも類）さつまいも　塊根　皮つき　蒸し　　,140
2047,＜いも類＞（さつまいも類）さつまいも　塊根　皮つき　天ぷら　　,221
2009,＜いも類＞（さつまいも類）さつまいも　蒸し切干　　　,303
2048,＜いも類＞（さつまいも類）むらさきいも　塊根　皮むき　生　　,133
2049,＜いも類＞（さつまいも類）むらさきいも　塊根　皮むき　蒸し　　,132
2010,＜いも類＞（さといも類）　さといも　球茎　生　　,58
2011,＜いも類＞（さといも類）　さといも　球茎　水煮　　,59
2012,＜いも類＞（さといも類）　さといも　球茎　冷凍　　,72
2050,＜いも類＞（さといも類）　セレベス　球茎　生　　,89
2051,＜いも類＞（さといも類）　セレベス　球茎　水煮　　,85
2052,＜いも類＞（さといも類）　たけのこいも　球茎　生　　,103
2053,＜いも類＞（さといも類）　たけのこいも　球茎　水煮　　,96
2013,＜いも類＞（さといも類）　みずいも　球茎　生　　,117
2014,＜いも類＞（さといも類）　みずいも　球茎　水煮　　,110
2015,＜いも類＞（さといも類）　やつがしら　球茎　生　　,97
2016,＜いも類＞（さといも類）　やつがしら　球茎　水煮　　,93
2017,＜いも類＞じゃがいも　塊茎　生　　　,76
2018,＜いも類＞じゃがいも　塊茎　蒸し　　　,84
2019,＜いも類＞じゃがいも　塊茎　水煮　　　,73
2020,＜いも類＞じゃがいも　フライドポテト　　　,237
2021,＜いも類＞じゃがいも　乾燥マッシュポテト　　　,357
2054,＜いも類＞ヤーコン　塊根　生　　　,54
2055,＜いも類＞ヤーコン　塊根　水煮　　　,44
2022,＜いも類＞（やまのいも類）　ながいも　いちょういも　塊根　生　,108
2023,＜いも類＞（やまのいも類）　ながいも　ながいも　塊根　生　,65
2024,＜いも類＞（やまのいも類）　ながいも　ながいも　塊根　水煮　,59
2025,＜いも類＞（やまのいも類）　ながいも　やまといも　塊根　生　,123
2026,＜いも類＞（やまのいも類）　じねんじょ　塊根　生　　,121
2027,＜いも類＞（やまのいも類）　だいじょ　塊根　生　　,109
2028,＜でん粉・でん粉製品＞（でん粉類）　キャッサバでん粉　　　,346
2029,＜でん粉・でん粉製品＞（でん粉類）　くずでん粉　　　,347
2030,＜でん粉・でん粉製品＞（でん粉類）　米でん粉　　　,366
2031,＜でん粉・でん粉製品＞（でん粉類）　小麦でん粉　　　,351
2032,＜でん粉・でん粉製品＞（でん粉類）　サゴでん粉　　　,349
2033,＜でん粉・でん粉製品＞（でん粉類）　さつまいもでん粉　　　,332
2034,＜でん粉・でん粉製品＞（でん粉類）　じゃがいもでん粉　　　,330
2035,＜でん粉・でん粉製品＞（でん粉類）　とうもろこしでん粉　　　,354
2036,＜でん粉・でん粉製品＞（でん粉製品）　くずきり　乾　　,356
2037,＜でん粉・でん粉製品＞（でん粉製品）　くずきり　ゆで　　,135
2056,＜でん粉・でん粉製品＞（でん粉製品）　ごま豆腐　　　,81
2038,＜でん粉・でん粉製品＞（でん粉製品）　タピオカパール　乾　　,355
2057,＜でん粉・でん粉製品＞（でん粉製品）　タピオカパール　ゆで　　,62
2058,＜でん粉・でん粉製品＞（でん粉製品）　でん粉めん　生　　,131
2059,＜でん粉・でん粉製品＞（でん粉製品）　でん粉めん　乾　　,353
2060,＜でん粉・でん粉製品＞（でん粉製品）　でん粉めん　乾　ゆで　　,84
2039,＜でん粉・でん粉製品＞（でん粉製品）　はるさめ　緑豆はるさめ　乾　,356
2061,＜でん粉・でん粉製品＞（でん粉製品）　はるさめ　緑豆はるさめ　ゆで　,84
2040,＜でん粉・でん粉製品＞（でん粉製品）　はるさめ　普通はるさめ　乾　,350
2062,＜でん粉・でん粉製品＞（でん粉製品）　はるさめ　普通はるさめ　ゆで　,80
3001,（砂糖類）　黒砂糖　　　,354
3002,（砂糖類）　和三盆糖　　　,383
3003,（砂糖類）　車糖　上白糖　　,384
3004,（砂糖類）　車糖　三温糖　　,382
3005,（砂糖類）　ざらめ糖　グラニュー糖　　,387
3006,（砂糖類）　ざらめ糖　白ざら糖　　,387
3007,（砂糖類）　ざらめ糖　中ざら糖　　,387
3008,（砂糖類）　加工糖　角砂糖　　,387
3009,（砂糖類）　加工糖　氷砂糖　　,387
3010,（砂糖類）　加工糖　コーヒーシュガー　　,387
3011,（砂糖類）　加工糖　粉糖　　,386
3012,（砂糖類）　液糖　しょ糖型液糖　　,271
3013,（砂糖類）　液糖　転化型液糖　　,307
3014,（砂糖類）　氷糖みつ　　　,265
3015,（でん粉糖類）　粉あめ　　　,381
3024,（でん粉糖類）　水あめ　酵素糖化　　,328
3025,（でん粉糖類）　水あめ　酸糖化　　,328
3017,（でん粉糖類）　ぶどう糖　全糖　　,335
3018,（でん粉糖類）　ぶどう糖　含水結晶　　,336
3019,（でん粉糖類）　ぶどう糖　無水結晶　　,367
3020,（でん粉糖類）　果糖　　　,368
3026,（でん粉糖類）　異性化液糖　ぶどう糖果糖液糖　　,276
3027,（でん粉糖類）　異性化液糖　果糖ぶどう糖液糖　　,276
3028,（でん粉糖類）　異性化液糖　高果糖液糖　　,276
3029,（その他）　黒蜜　,199
3022,（その他）　はちみつ　,294
3023,（その他）　メープルシロップ　　　,257
4001,あずき　全粒　乾　　　,339
4002,あずき　全粒　ゆで　　　,143
4003,あずき　ゆで小豆缶詰　　　,218
4004,あずき　あん　こしあん　　,155
4005,あずき　あん　さらしあん　　,385
4006,あずき　あん　つぶしあん　　,244
4007,いんげんまめ　全粒　乾　　　,333
4008,いんげんまめ　全粒　ゆで　　　,143
4009,いんげんまめ　うずら豆　,237
4010,いんげんまめ　こしあん　　　,155
4011,いんげんまめ　豆きんとん　　　,249
4012,えんどう　全粒　青えんどう　乾　　,352
4074,えんどう　全粒　赤えんどう　乾　　,352
4013,えんどう　全粒　青えんどう　ゆで　　,148
4075,えんどう　全粒　赤えんどう　ゆで　　,148
4014,えんどう　グリンピース（揚げ豆）　　　,423
4015,えんどう　塩豆　　　,364
4016,えんどう　うぐいす豆　,240
4017,ささげ　全粒　乾　　　,336
4018,ささげ　全粒　ゆで　　　,145
4019,そらまめ　全粒　乾　　　,348
4020,そらまめ　フライビーンズ　　　,472
4021,そらまめ　おたふく豆　,251
4022,そらまめ　ふき豆　,263
4076,そらまめ　しょうゆ豆　,196
4023,だいず　［全粒・全粒製品］　全粒　国産　黄大豆　乾　,422
4077,だいず　［全粒・全粒製品］　全粒　国産　黒大豆　乾　,414
4024,だいず　［全粒・全粒製品］　全粒　国産　黄大豆　ゆで　,176
4025,だいず　［全粒・全粒製品］　全粒　米国産　黄大豆　乾　,433
4026,だいず　［全粒・全粒製品］　全粒　中国産　黄大豆　乾　,422
4027,だいず　［全粒・全粒製品］　全粒　ブラジル産　黄大豆　乾　,451
4078,だいず　［全粒・全粒製品］　いり大豆　黄大豆　,439
4079,だいず　［全粒・全粒製品］　いり大豆　黒大豆　,442
4080,だいず　［全粒・全粒製品］　いり大豆　青大豆　,435
4028,だいず　［全粒・全粒製品］　水煮缶詰　黄大豆　　,140
4081,だいず　［全粒・全粒製品］　蒸し大豆　黄大豆 　,205
4029,だいず　［全粒・全粒製品］　きな粉　全粒大豆　黄大豆　,450
4082,だいず　［全粒・全粒製品］　きな粉　全粒大豆　青大豆　,431
4030,だいず　［全粒・全粒製品］　きな粉　脱皮大豆　黄大豆　,451
4083,だいず　［全粒・全粒製品］　大豆はいが　　,442
4031,だいず　［全粒・全粒製品］　ぶどう豆　,289
4032,だいず　［豆腐・油揚げ類］　木綿豆腐　,72
4033,だいず　［豆腐・油揚げ類］　絹ごし豆腐　　,56
4034,だいず　［豆腐・油揚げ類］　ソフト豆腐　　,59
4035,だいず　［豆腐・油揚げ類］　充てん豆腐　　,59
4036,だいず　［豆腐・油揚げ類］　沖縄豆腐　　,106
4037,だいず　［豆腐・油揚げ類］　ゆし豆腐　　,50
4038,だいず　［豆腐・油揚げ類］　焼き豆腐　　,88
4039,だいず　［豆腐・油揚げ類］　生揚げ　　,150
4040,だいず　［豆腐・油揚げ類］　油揚げ　生　,410
4084,だいず　［豆腐・油揚げ類］　油揚げ　油抜き　生　,288
4085,だいず　［豆腐・油揚げ類］　油揚げ　油抜き　焼き　,398
4086,だいず　［豆腐・油揚げ類］　油揚げ　油抜き　ゆで　,177
4041,だいず　［豆腐・油揚げ類］　がんもどき　　,228
4042,だいず　［豆腐・油揚げ類］　凍り豆腐　乾　,536
4087,だいず　［豆腐・油揚げ類］　凍り豆腐　水煮　,115
4043,だいず　［豆腐・油揚げ類］　豆腐よう　　,189
4044,だいず　［豆腐・油揚げ類］　豆腐竹輪　蒸し　,126
4045,だいず　［豆腐・油揚げ類］　豆腐竹輪　焼き　,139
4088,だいず　［豆腐・油揚げ類］　ろくじょう豆腐　　,347
4046,だいず　［納豆類］　糸引き納豆　　,200
4047,だいず　［納豆類］　挽きわり納豆　　,194
4048,だいず　［納豆類］　五斗納豆　　,227
4049,だいず　［納豆類］　寺納豆　　,271
4051,だいず　［その他］　おから　生　,111
4089,だいず　［その他］　おから　乾燥　,421
4052,だいず　［その他］　豆乳　豆乳　,46
4053,だいず　［その他］　豆乳　調製豆乳　,64
4054,だいず　［その他］　豆乳　豆乳飲料・麦芽コーヒー　,60
4055,だいず　［その他］　大豆たんぱく　粒状大豆たんぱく　　,360
4056,だいず　［その他］　大豆たんぱく　濃縮大豆たんぱく　　,361
4057,だいず　［その他］　大豆たんぱく　分離大豆たんぱく　塩分無調整タイプ　,388
4090,だいず　［その他］　大豆たんぱく　分離大豆たんぱく　塩分調整タイプ　,388
4058,だいず　［その他］　大豆たんぱく　繊維状大豆たんぱく　　,383
4059,だいず　［その他］　湯葉　生　　,231
4060,だいず　［その他］　湯葉　干し　乾　,530
4091,だいず　［その他］　湯葉　干し　湯戻し　,161
4061,だいず　［その他］　金山寺みそ　　　,256
4062,だいず　［その他］　ひしおみそ　　　,206
4063,だいず　［その他］　テンペ　　　,202
4064,つるあずき　全粒　乾　　　,348
4092,つるあずき　全粒　ゆで　　　,159
4065,ひよこまめ　全粒　乾　　　,374
4066,ひよこまめ　全粒　ゆで　　　,171
4067,ひよこまめ　全粒　フライ　味付け　　　,419
4068,べにばないんげん　全粒　乾　　　,332
4069,べにばないんげん　全粒　ゆで　　　,121
4070,らいまめ　全粒　乾　　　,351
4093,らいまめ　全粒　ゆで　　　,152
4071,りょくとう　全粒　乾　　　,354
4072,りょくとう　全粒　ゆで　　　,137
4073,レンズまめ　全粒　乾　　　,352
4094,レンズまめ　全粒　ゆで　　　,170
5001,アーモンド　乾　　　,587
5002,アーモンド　フライ 味付け　　　,606
5040,アーモンド　いり　無塩　　　,608
5003,あさ　乾　　　,463
5041,あまに　いり　,564
5004,えごま　乾　　　,544
5005,カシューナッツ　フライ　味付け　　　,576
5006,かぼちゃ　いり　味付け　　　,574
5007,かや　いり　　　,665
5008,ぎんなん　生　　　,171
5009,ぎんなん　ゆで　　　,174
5010,（くり類）　日本ぐり　生　　,164
5011,（くり類）　日本ぐり　ゆで　　,167
5012,（くり類）　日本ぐり　甘露煮　　,238
5013,（くり類）　中国ぐり　甘ぐり　　,222
5014,くるみ　いり　　　,674
5015,けし　乾　　　,567
5016,ココナッツ　ココナッツパウダー　　　　,668
5017,ごま　乾　　　,578
5018,ごま　いり　　　,599
5019,ごま　むき　　　,603
5042,ごま　ねり　　　,605
5020,しい　生　　　,252
5021,すいか　いり　味付け　　　,546
5022,とち　蒸し　　　,161
5023,はす　未熟　生　　　,85
5024,はす　成熟　乾　　　,344
5043,はす　成熟　ゆで　　　,133
5025,ひし　生　　　,190
5026,ピスタチオ　いり　味付け　　　,615
5027,ひまわり　フライ　味付け　　　,611
5028,ブラジルナッツ　フライ　味付け　　　,669
5029,ヘーゼルナッツ　フライ　味付け　　　,684
5030,ペカン　フライ　味付け　　　,702
5031,マカダミアナッツ　いり　味付け　　　,720
5032,まつ　生　　　,669
5033,まつ　いり　　　,690
5034,らっかせい　乾　大粒種　　,562
5044,らっかせい　乾　小粒種　　,562
5035,らっかせい　いり　大粒種　　,585
5045,らっかせい　いり　小粒種　　,585
5036,らっかせい　バターピーナッツ　　　,592
5037,らっかせい　ピーナッツバター　　　,640
6001,アーティチョーク　花らい　生　　　,48
6002,アーティチョーク　花らい　ゆで　　　,45
6003,あさつき　葉　生　　　,33
6004,あさつき　葉　ゆで　　　,39
6005,あしたば　茎葉　生　　　,33
6006,あしたば　茎葉　ゆで　　　,31
6007,アスパラガス　若茎　生　　　,22
6008,アスパラガス　若茎　ゆで　　　,24
6327,アスパラガス　若茎　油いため　　　,57
6009,アスパラガス　水煮缶詰　　　,22
6328,アロエ　葉　生　　　,3
6010,いんげんまめ　さやいんげん　若ざや　生　　,23
6011,いんげんまめ　さやいんげん　若ざや　ゆで　　,26
6012,（うど類）　うど　茎　生　　,18
6013,（うど類）　うど　茎　水さらし　　,14
6014,（うど類）　やまうど　茎　生　　,19
6015,えだまめ　生　　　,135
6016,えだまめ　ゆで　　　,134
6017,えだまめ　冷凍　　　,159
6018,エンダイブ　葉　生　　　,15
6019,（えんどう類）　トウミョウ　茎葉　生　　,27
6329,（えんどう類）　トウミョウ　芽ばえ　生　　,24
6330,（えんどう類）　トウミョウ　芽ばえ　ゆで　　,27
6331,（えんどう類）　トウミョウ　芽ばえ　油いため　　,82
6020,（えんどう類）　さやえんどう　若ざや　生　　,36
6021,（えんどう類）　さやえんどう　若ざや　ゆで　　,34
6022,（えんどう類）　スナップえんどう　若ざや　生　　,43
6023,（えんどう類）　グリンピース　生　　,93
6024,（えんどう類）　グリンピース　ゆで　　,110
6025,（えんどう類）　グリンピース　冷凍　　,98
6026,（えんどう類）　グリンピース　水煮缶詰　　,98
6027,おおさかしろな　葉　生　　　,13
6028,おおさかしろな　葉　ゆで　　　,17
6029,おおさかしろな　塩漬　　　,22
6030,おかひじき　茎葉　生　　　,17
6031,おかひじき　茎葉　ゆで　　　,17
6032,オクラ　果実　生　　　,30
6033,オクラ　果実　ゆで　　　,33
6034,かぶ　葉　生　　　,20
6035,かぶ　葉　ゆで　　　,22
6036,かぶ　根　皮つき　生　　　,20
6037,かぶ　根　皮つき　ゆで　　　,21
6038,かぶ　根　皮むき　生　　　,21
6039,かぶ　根　皮むき　ゆで　　　,22
6040,かぶ　漬物　塩漬　葉　,29
6041,かぶ　漬物　塩漬　根　皮つき　,23
6042,かぶ　漬物　塩漬　根　皮むき　,21
6043,かぶ　漬物　ぬかみそ漬　葉　,34
6044,かぶ　漬物　ぬかみそ漬　根　皮つき　,28
6045,かぶ　漬物　ぬかみそ漬　根　皮むき　,31
6046,（かぼちゃ類）　日本かぼちゃ　果実　生　　,49
6047,（かぼちゃ類）　日本かぼちゃ　果実　ゆで　　,60
6048,（かぼちゃ類）　西洋かぼちゃ　果実　生　　,91
6049,（かぼちゃ類）　西洋かぼちゃ　果実　ゆで　　,93
6332,（かぼちゃ類）　西洋かぼちゃ　果実　焼き　　,122
6050,（かぼちゃ類）　西洋かぼちゃ　果実　冷凍　　,83
6051,（かぼちゃ類）　そうめんかぼちゃ　果実　生　　,24
6052,からしな　葉　生　　　,26
6053,からしな　塩漬　　 　,36
6054,カリフラワー　花序　生　　　,27
6055,カリフラワー　花序　ゆで　　　,26
6056,かんぴょう　乾　　　,260
6057,かんぴょう　ゆで　　　,28
6058,きく　花びら　生　　　,27
6059,きく　花びら　ゆで　　　,23
6060,きく　菊のり　　　,292
6061,（キャベツ類）　キャベツ　結球葉　生　　,23
6062,（キャベツ類）　キャベツ　結球葉　ゆで　　,20
6333,（キャベツ類）　キャベツ　結球葉　油いため　　,81
6063,（キャベツ類）　グリーンボール　結球葉　生　　,20
6064,（キャベツ類）　レッドキャベツ　結球葉　生　　,30
6065,きゅうり　果実　生　　　,14
6066,きゅうり　漬物　塩漬　　,16
6067,きゅうり　漬物　しょうゆ漬　　,50
6068,きゅうり　漬物　ぬかみそ漬　　,27
6069,きゅうり　漬物　ピクルス　スイート型　,67
6070,きゅうり　漬物　ピクルス　サワー型　,12
6071,ぎょうじゃにんにく　葉　生　　　,34
6075,キンサイ　茎葉　生　　　,19
6076,キンサイ　茎葉　ゆで　　　,19
6077,クレソン　茎葉　生　　　,15
6078,くわい　塊茎　生　　　,126
6079,くわい　塊茎　ゆで　　　,128
6080,ケール　葉　生　　　,28
6081,コールラビ　球茎　生　　　,21
6082,コールラビ　球茎　ゆで　　　,21
6083,こごみ　若芽　生　　　,28
6084,ごぼう　根　生　　　,65
6085,ごぼう　根　ゆで　　　,58
6086,こまつな　葉　生　　　,14
6087,こまつな　葉　ゆで　　　,15
6088,ザーサイ 　漬物　　　,23
6089,さんとうさい　葉　生　　　,14
6090,さんとうさい　葉　ゆで　　　,16
6091,さんとうさい　塩漬　　　,20
6092,しかくまめ　若ざや　生　　　,20
6093,ししとう　果実　生　　　,27
6094,ししとう　果実　油いため　　　,55
6095,しそ　葉　生　　　,37
6096,しそ　実　生　　　,41
6097,じゅうろくささげ　若ざや　生　　　,24
6098,じゅうろくささげ　若ざや　ゆで　　　,30
6099,しゅんぎく　葉　生　　　,22
6100,しゅんぎく　葉　ゆで　　　,27
6101,じゅんさい　若葉　水煮びん詰　　　,5
6102,（しょうが類）　葉しょうが　根茎　生　　,11
6103,（しょうが類）　しょうが　根茎　生　　,30
6104,（しょうが類）　しょうが　漬物　酢漬　,19
6105,（しょうが類）　しょうが　漬物　甘酢漬　,51
6106,しろうり　果実　生　　　,15
6107,しろうり　漬物　塩漬　　,16
6108,しろうり　漬物　奈良漬　　,157
6109,ずいき　生ずいき　生　　　,16
6110,ずいき　生ずいき　ゆで　　　,12
6111,ずいき　干しずいき　乾　　　,246
6112,ずいき　干しずいき　ゆで　　　,13
6113,すぐきな　葉　生　　　,26
6114,すぐきな　根　生　　　,21
6115,すぐきな　すぐき漬　　　,34
6116,ズッキーニ　果実　生　　　,14
6117,せり　茎葉　生　　　,17
6118,せり　茎葉　ゆで　　　,18
6119,セロリ　葉柄　生　　　,15
6120,ぜんまい　生ぜんまい　若芽　生　　,29
6121,ぜんまい　生ぜんまい　若芽　ゆで　　,21
6122,ぜんまい　干しぜんまい　干し若芽　乾　　,293
6123,ぜんまい　干しぜんまい　干し若芽　ゆで　　,29
6124,そらまめ　未熟豆　生　　　,108
6125,そらまめ　未熟豆　ゆで　　　,112
6126,タアサイ　葉　生　　　,13
6127,タアサイ　葉　ゆで　　　,13
6128,（だいこん類）　かいわれだいこん　芽ばえ　生　　,21
6129,（だいこん類）　葉だいこん　葉　生　　,18
6130,（だいこん類）　だいこん　葉　生　　,25
6131,（だいこん類）　だいこん　葉　ゆで　　,25
6132,（だいこん類）　だいこん　根　皮つき　生　　,18
6133,（だいこん類）　だいこん　根　皮つき　ゆで　　,18
6134,（だいこん類）　だいこん　根　皮むき　生　　,18
6135,（だいこん類）　だいこん　根　皮むき　ゆで　　,18
6136,（だいこん類）　切干しだいこん　乾　,301
6334,（だいこん類）　切干しだいこん　ゆで　　,19
6335,（だいこん類）　切干しだいこん　油いため　　,88
6137,（だいこん類）　漬物　ぬかみそ漬　　,30
6138,（だいこん類）　漬物　たくあん漬　塩押しだいこん漬　,64
6139,（だいこん類）　漬物　たくあん漬　干しだいこん漬　,27
6140,（だいこん類）　漬物　守口漬　　,187
6141,（だいこん類）　漬物　べったら漬　　,57
6142,（だいこん類）　漬物　みそ漬　　,78
6143,（だいこん類）　漬物　福神漬　　,136
6144,（たいさい類）　つまみな　葉　生　　,20
6145,（たいさい類）　たいさい　葉　生　　,16
6146,（たいさい類）　たいさい　塩漬　　,20
6147,たかな　葉　生　　　,21
6148,たかな　たかな漬　　　,33
6149,たけのこ　若茎　生　　　,26
6150,たけのこ　若茎　ゆで　　　,30
6151,たけのこ　水煮缶詰　　　,23
6152,たけのこ　めんま　塩蔵　塩抜き　　　,19
6153,（たまねぎ類）　たまねぎ　りん茎　生　　,37
6154,（たまねぎ類）　たまねぎ　りん茎　水さらし　　,26
6155,（たまねぎ類）　たまねぎ　りん茎　ゆで　　,31
6336,（たまねぎ類）　たまねぎ　りん茎　油いため　　,105
6156,（たまねぎ類）　赤たまねぎ　りん茎　生　　,38
6337,（たまねぎ類）　葉たまねぎ　りん茎及び葉　生　　,37
6157,たらのめ　若芽　生　　　,27
6158,たらのめ　若芽　ゆで　　　,26
6159,チコリ　若芽　生　　　,16
6160,チンゲンサイ　葉　生　　　,9
6161,チンゲンサイ　葉　ゆで　　　,12
6338,チンゲンサイ　葉　油いため　　　,39
6162,つくし　胞子茎　生　　　,38
6163,つくし　胞子茎　ゆで　　　,33
6164,つるな　茎葉　生　　　,15
6165,つるむらさき　茎葉　生　　　,13
6166,つるむらさき　茎葉　ゆで　　　,15
6167,つわぶき　葉柄　生　　　,21
6168,つわぶき　葉柄　ゆで　　　,16
6169,とうがらし　葉･果実　生　　　,35
6170,とうがらし　葉･果実　油いため　　　,85
6171,とうがらし　果実　生　　　,96
6172,とうがらし　果実　乾　　　,345
6173,とうがん　果実　生　　　,16
6174,とうがん　果実　ゆで　　　,16
6175,（とうもろこし類）　スイートコーン　未熟種子　生　　,92
6176,（とうもろこし類）　スイートコーン　未熟種子　ゆで　　,99
6339,（とうもろこし類）　スイートコーン　未熟種子　電子レンジ調理　　,107
6177,（とうもろこし類）　スイートコーン　未熟種子　穂軸つき　冷凍　　,97
6178,（とうもろこし類）　スイートコーン　未熟種子　カーネル　冷凍　　,99
6179,（とうもろこし類）　スイートコーン　缶詰　クリームスタイル　,84
6180,（とうもろこし類）　スイートコーン　缶詰　ホールカーネルスタイル　,82
6181,（とうもろこし類）　ヤングコーン　幼雌穂　生　　,29
6182,（トマト類）　トマト　果実　生　　,19
6183,（トマト類）　ミニトマト　果実　生　　,29
6184,（トマト類）　缶詰　ホール　食塩無添加　,20
6185,（トマト類）　缶詰　トマトジュース　食塩添加　,17
6340,（トマト類）　缶詰　トマトジュース　食塩無添加　,17
6186,（トマト類）　缶詰　ミックスジュース　食塩添加　,17
6341,（トマト類）　缶詰　ミックスジュース　食塩無添加　,17
6187,トレビス　葉　生　　　,18
6188,とんぶり　ゆで　　　,90
6189,ながさきはくさい　葉　生　　　,13
6190,ながさきはくさい　葉　ゆで　　　,18
6191,（なす類）　なす　果実　生　　,22
6192,（なす類）　なす　果実　ゆで　　,19
6342,（なす類）　なす　果実　油いため　　,79
6343,（なす類）　なす　果実　天ぷら　　,180
6193,（なす類）　べいなす　果実　生　　,22
6194,（なす類）　べいなす　果実　素揚げ　　,183
6195,（なす類）　漬物　塩漬　　,23
6196,（なす類）　漬物　ぬかみそ漬　　,27
6197,（なす類）　漬物　こうじ漬　　,79
6198,（なす類）　漬物　からし漬　　,118
6199,（なす類）　漬物　しば漬　　,30
6200,なずな　葉　生　　　,36
6201,（なばな類）　和種なばな　花らい・茎　生　　,33
6202,（なばな類）　和種なばな　花らい・茎　ゆで　　,28
6203,（なばな類）　洋種なばな　茎葉　生　　,35
6204,（なばな類）　洋種なばな　茎葉　ゆで　　,31
6205,にがうり　果実　生　　　,17
6206,にがうり　果実　油いため　　　,50
6207,（にら類）　にら　葉　生　　,21
6208,（にら類）　にら　葉　ゆで　　,31
6344,（にら類）　にら　葉　油いため　　,74
6209,（にら類）　花にら　花茎・花らい　生　　,27
6210,（にら類）　黄にら　葉　生　　,18
6211,（にんじん類）　葉にんじん　葉　生　　,18
6212,（にんじん類）　にんじん　根　皮つき　生　　,39
6213,（にんじん類）　にんじん　根　皮つき　ゆで　　,36
6214,（にんじん類）　にんじん　根　皮むき　生　　,36
6215,（にんじん類）　にんじん　根　皮むき　ゆで　　,36
6345,（にんじん類）　にんじん　根　皮むき　油いため　　,109
6346,（にんじん類）　にんじん　根　皮むき　素揚げ　,89
6347,（にんじん類）　にんじん　根　皮　生　,31
6216,（にんじん類）　にんじん　根　冷凍　　,35
6348,（にんじん類）　にんじん　グラッセ　,66
6217,（にんじん類）　にんじん　ジュース　缶詰　　,28
6218,（にんじん類）　きんとき　根　皮つき　生　　,44
6219,（にんじん類）　きんとき　根　皮つき　ゆで　　,42
6220,（にんじん類）　きんとき　根　皮むき　生　　,45
6221,（にんじん類）　きんとき　根　皮むき　ゆで　　,45
6222,（にんじん類）　ミニキャロット　根　生　　,32
6223,（にんにく類）　にんにく　りん茎　生　　,136
6349,（にんにく類）　にんにく　りん茎　油いため　　,199
6224,（にんにく類）　茎にんにく　花茎　生　　,45
6225,（にんにく類）　茎にんにく　花茎　ゆで　　,44
6226,（ねぎ類）　根深ねぎ　葉　軟白　生　　,34
6350,（ねぎ類）　根深ねぎ　葉　軟白　ゆで　　,28
6351,（ねぎ類）　根深ねぎ　葉　軟白　油いため　　,78
6227,（ねぎ類）　葉ねぎ　葉　生　　,30
6352,（ねぎ類）　葉ねぎ　葉　油いため　　,81
6228,（ねぎ類）　こねぎ　葉　生　　,27
6229,のざわな　葉　生　　　,16
6230,のざわな　漬物　塩漬　　,18
6231,のざわな　漬物　調味漬　　,23
6232,のびる　りん茎葉　生　　　,65
6233,はくさい　結球葉　生　　　,14
6234,はくさい　結球葉　ゆで　　　,13
6235,はくさい　漬物　塩漬　　,16
6236,はくさい　漬物　キムチ　　,46
6237,パクチョイ　葉　生　　　,15
6238,バジル　葉　生　　　,24
6239,パセリ　葉　生　　　,43
6240,はつかだいこん　根　生　　　,15
6241,はやとうり　果実　白色種　生　　,20
6353,はやとうり　果実　緑色種　生　　,20
6242,はやとうり　果実　白色種　塩漬　,17
6243,ビーツ　根　生　　　,41
6244,ビーツ　根　ゆで　　　,44
6245,（ピーマン類）　青ピーマン　果実　生　　,22
6246,（ピーマン類）　青ピーマン　果実　油いため　　,61
6247,（ピーマン類）　赤ピーマン　果実　生　　,30
6248,（ピーマン類）　赤ピーマン　果実　油いため　　,69
6249,（ピーマン類）　黄ピーマン　果実　生　　,27
6250,（ピーマン類）　黄ピーマン　果実　油いため　　,66
6251,（ピーマン類）　トマピー　果実　生　　,31
6252,ひのな　根・茎葉　生　　　,19
6253,ひのな　根・茎葉　甘酢漬　　　,69
6254,ひろしまな　葉　生　　　,20
6255,ひろしまな　塩漬　　　,16
6256,（ふき類）　ふき　葉柄　生　　,11
6257,（ふき類）　ふき　葉柄　ゆで　　,8
6258,（ふき類）　ふきのとう　花序　生　　,43
6259,（ふき類）　ふきのとう　花序　ゆで　　,32
6260,ふじまめ　若ざや　生　　　,33
6261,ふだんそう　葉　生　　　,19
6262,ふだんそう　葉　ゆで　　　,27
6263,ブロッコリー　花序　生　　　,33
6264,ブロッコリー　花序　ゆで　　　,27
6354,ブロッコリー　芽ばえ　生　　　,19
6265,へちま　果実　生　　　,16
6266,へちま　果実　ゆで　　　,18
6267,ほうれんそう　葉　通年平均　生　　,20
6355,ほうれんそう　葉　夏採り　生　　,20
6356,ほうれんそう　葉　冬採り　生　　,20
6268,ほうれんそう　葉　通年平均　ゆで　　,25
6357,ほうれんそう　葉　夏採り　ゆで　　,25
6358,ほうれんそう　葉　冬採り　ゆで　　,25
6359,ほうれんそう　葉　通年平均　油いため　　,99
6269,ほうれんそう　葉　冷凍　　　,21
6270,ホースラディシュ　根茎　生　　　,79
6271,まこも　茎　生　　　,21
6272,みずかけな　葉　生　　　,25
6273,みずかけな　塩漬　　　,32
6072,みずな　葉　生　　　,23
6073,みずな　葉　ゆで　　　,22
6074,みずな　塩漬　　　,27
6274,（みつば類）　切りみつば　葉　生　　,18
6275,（みつば類）　切りみつば　葉　ゆで　　,15
6276,（みつば類）　根みつば　葉　生　　,20
6277,（みつば類）　根みつば　葉　ゆで　　,20
6278,（みつば類）　糸みつば　葉　生　　,13
6279,（みつば類）　糸みつば　葉　ゆで　　,17
6360,みぶな　葉　生　　　,15
6280,（みょうが類）　みょうが　花穂　生　　,12
6281,（みょうが類）　みょうがたけ　茎葉　生　　,7
6282,むかご 　肉芽　生　　　,93
6283,めキャベツ　結球葉　生　　　,50
6284,めキャベツ　結球葉　ゆで　　　,49
6285,めたで　　芽ばえ　生　　　,43
6286,（もやし類）　アルファルファもやし　生　　,12
6287,（もやし類）　だいずもやし　生　　,37
6288,（もやし類）　だいずもやし　ゆで　　,34
6289,（もやし類）　ブラックマッペもやし　生　　,15
6290,（もやし類）　ブラックマッペもやし　ゆで　　,13
6291,（もやし類）　りょくとうもやし　生　　,14
6292,（もやし類）　りょくとうもやし　ゆで　　,12
6293,モロヘイヤ　茎葉　生　　　,38
6294,モロヘイヤ　茎葉　ゆで　　　,25
6295,やまごぼう　みそ漬　　　,72
6296,ゆりね　りん茎　生　　　,125
6297,ゆりね　りん茎　ゆで　　　,126
6298,ようさい　茎葉　生　　　,17
6299,ようさい　茎葉　ゆで　　　,21
6300,よめな　葉　生　　　,46
6301,よもぎ　葉　生　　　,46
6302,よもぎ　葉　ゆで　　　,42
6303,らっかせい　未熟豆　生　　　,295
6304,らっかせい　未熟豆　ゆで　　　,288
6305,（らっきょう類）　らっきょう　りん茎　生　　,118
6306,（らっきょう類）　らっきょう　甘酢漬　　,115
6307,（らっきょう類）　エシャレット　りん茎　生　　,76
6308,リーキ　りん茎葉　生　　　,29
6309,リーキ　りん茎葉　ゆで　　　,28
6319,ルッコラ　　葉　生　　　,19
6310,ルバーブ　葉柄　生　　　,24
6311,ルバーブ　葉柄　ゆで　　　,18
6312,（レタス類）　レタス　土耕栽培　結球葉　生　　,12
6361,（レタス類）　レタス　水耕栽培　結球葉　生　　,14
6313,（レタス類）　サラダな　葉　生　　,14
6314,（レタス類）　リーフレタス　葉　生　　,16
6315,（レタス類）　サニーレタス　葉　生　　,16
6362,（レタス類）　サンチュ　葉　生　　,15
6316,（レタス類）　コスレタス　葉　生　　,17
6317,れんこん　根茎　生　　　,66
6318,れんこん　根茎　ゆで　　　,66
6320,わけぎ　葉　生　　　,30
6321,わけぎ　葉　ゆで　　　,29
6322,わさび　根茎　生　　　,88
6323,わさび　わさび漬　　　,145
6324,わらび　生わらび　生　　　,21
6325,わらび　生わらび　ゆで　　　,15
6326,わらび　干しわらび　乾　　　,274
7001,あけび　果肉　生　　　,82
7002,あけび　果皮　生　　　,34
7003,アセロラ　酸味種　生　　　,36
7159,アセロラ　甘味種　生　　　,36
7004,アセロラ　10 %果汁入り飲料　　,42
7005,アテモヤ　生　　　,79
7006,アボカド　生　　　,187
7007,あんず　生　　　,36
7008,あんず　乾　　　,288
7009,あんず　缶詰　　　,81
7010,あんず　ジャム　高糖度　　,262
7011,あんず　ジャム　低糖度　　,205
7012,いちご　生　　　,34
7013,いちご　ジャム　高糖度　　,256
7014,いちご　ジャム　低糖度　　,197
7160,いちご　乾　　　,302
7015,いちじく　生　　　,54
7016,いちじく　乾　　　,291
7017,いちじく　缶詰　　　,81
7019,うめ　生　　　,28
7020,うめ　梅漬　塩漬　　,24
7021,うめ　梅漬　調味漬　　,53
7022,うめ　梅干し　塩漬　　,33
7023,うめ　梅干し　調味漬　　,96
7024,うめ　梅びしお　　　,200
7025,うめ　20 %果汁入り飲料　　　,49
7037,オリーブ　塩漬　グリーンオリーブ　　,145
7038,オリーブ　塩漬　ブラックオリーブ　　,118
7039,オリーブ　塩漬　スタッフドオリーブ　　,137
7049,かき　甘がき　生　　　,60
7050,かき　渋抜きがき　生　　　,63
7051,かき　干しがき　　　,276
7053,かりん　生　　　,68
7018,（かんきつ類）　いよかん　砂じょう　生　　,46
7026,（かんきつ類）　うんしゅうみかん　じょうのう　早生　生　,45
7027,（かんきつ類）　うんしゅうみかん　じょうのう　普通　生　,46
7028,（かんきつ類）　うんしゅうみかん　砂じょう　早生　生　,43
7029,（かんきつ類）　うんしゅうみかん　砂じょう　普通　生　,45
7030,（かんきつ類）　うんしゅうみかん　果実飲料　ストレートジュース　,41
7031,（かんきつ類）　うんしゅうみかん　果実飲料　濃縮還元ジュース　,38
7032,（かんきつ類）　うんしゅうみかん　果実飲料　果粒入りジュース　,47
7033,（かんきつ類）　うんしゅうみかん　果実飲料　50 %果汁入り飲料　,60
7034,（かんきつ類）　うんしゅうみかん　果実飲料　20 %果汁入り飲料　,50
7035,（かんきつ類）　うんしゅうみかん　缶詰　果肉　,64
7036,（かんきつ類）　うんしゅうみかん　缶詰　液汁　,63
7040,（かんきつ類）　オレンジ　ネーブル　砂じょう　生　,46
7041,（かんきつ類）　オレンジ　バレンシア　米国産　砂じょう　生　,39
7042,（かんきつ類）　オレンジ　バレンシア　果実飲料　ストレートジュース　,42
7043,（かんきつ類）　オレンジ　バレンシア　果実飲料　濃縮還元ジュース　,42
7044,（かんきつ類）　オレンジ　バレンシア　果実飲料　50 %果汁入り飲料　,47
7045,（かんきつ類）　オレンジ　バレンシア　果実飲料　30 %果汁入り飲料　,41
7046,（かんきつ類）　オレンジ　バレンシア　マーマレード　高糖度　,255
7047,（かんきつ類）　オレンジ　バレンシア　マーマレード　低糖度　,193
7161,（かんきつ類）　オレンジ　福原オレンジ　砂じょう　生　,39
7048,（かんきつ類）　オロブランコ　砂じょう　生　　,40
7052,（かんきつ類）　かぼす　果汁　生　　,25
7162,（かんきつ類）　かわちばんかん　砂じょう　生　　,35
7163,（かんきつ類）　きよみ　砂じょう　生　　,41
7056,（かんきつ類）　きんかん　全果　生　　,71
7062,（かんきつ類）　グレープフルーツ　白肉種　砂じょう　生　,38
7164,（かんきつ類）　グレープフルーツ　紅肉種　砂じょう　生　,38
7063,（かんきつ類）　グレープフルーツ　果実飲料　ストレートジュース　,40
7064,（かんきつ類）　グレープフルーツ　果実飲料　濃縮還元ジュース　,35
7065,（かんきつ類）　グレープフルーツ　果実飲料　50 %果汁入り飲料　,46
7066,（かんきつ類）　グレープフルーツ　果実飲料　20 %果汁入り飲料　,39
7067,（かんきつ類）　グレープフルーツ　缶詰　,70
7074,（かんきつ類）　さんぼうかん　砂じょう　生　　,44
7075,（かんきつ類）　シークヮーサー　果汁　生　　,25
7076,（かんきつ類）　シークヮーサー　10 %果汁入り飲料　　,48
7165,（かんきつ類）　しらぬひ　砂じょう　生　　,51
7078,（かんきつ類）　すだち　果皮　生　　,68
7079,（かんきつ類）　すだち　果汁　生　　,20
7166,（かんきつ類）　せとか　砂じょう　生　　,47
7085,（かんきつ類）　セミノール　砂じょう　生　　,49
7083,（かんきつ類）　だいだい　果汁　生　　,24
7093,（かんきつ類）　なつみかん　砂じょう　生　　,40
7094,（かんきつ類）　なつみかん　缶詰　　,81
7105,（かんきつ類）　はっさく　砂じょう　生　　,45
7167,（かんきつ類）　はるみ　砂じょう　生　　,48
7112,（かんきつ類）　ひゅうがなつ　じょうのう及びアルベド　生　　,45
7113,（かんきつ類）　ひゅうがなつ　砂じょう　生　　,33
7126,（かんきつ類）　ぶんたん　砂じょう　生　　,38
7127,（かんきつ類）　ぶんたん　ざぼん漬　　,344
7129,（かんきつ類）　ぽんかん　砂じょう　生　　,40
7142,（かんきつ類）　ゆず　果皮　生　　,59
7143,（かんきつ類）　ゆず　果汁　生　　,21
7145,（かんきつ類）　ライム　果汁　生　　,27
7155,（かんきつ類）　レモン　全果　生　　,54
7156,（かんきつ類）　レモン　果汁　生　　,26
7054,キウイフルーツ　緑肉種　生　　　,53
7168,キウイフルーツ　黄肉種　生　　　,59
7055,キワノ　生　　　,41
7057,グァバ　赤肉種　生　　　,38
7169,グァバ　白肉種　生　　　,38
7058,グァバ　果実飲料　20 %果汁入り飲料（ネクター）　　,51
7059,グァバ　果実飲料　10 %果汁入り飲料　　,51
7060,グーズベリー　生　　　,52
7061,ぐみ　生　　　,68
7157,ココナッツ　ココナッツウォーター　　　,20
7158,ココナッツ　ココナッツミルク　　　,150
7170,ココナッツ　ナタデココ　　　,73
7070,さくらんぼ　国産　生　　　,60
7071,さくらんぼ　米国産　生　 　,66
7072,さくらんぼ　米国産　缶詰　　,74
7073,ざくろ　生　　　,56
7077,すいか　赤肉種　生　　　,37
7171,すいか　黄肉種　生　　　,37
7069,スターフルーツ　生　　　,30
7080,（すもも類）　にほんすもも　生　　,44
7081,（すもも類）　プルーン　生　　,49
7082,（すもも類）　プルーン　乾　　,235
7086,チェリモヤ　生　　　,78
7111,ドラゴンフルーツ　生　　　,50
7087,ドリアン　生　　　,133
7088,（なし類）　日本なし　生　　,43
7089,（なし類）　日本なし　缶詰　　,78
7090,（なし類）　中国なし　生　　,47
7091,（なし類）　西洋なし　生　　,54
7092,（なし類）　西洋なし　缶詰　　,85
7095,なつめ　乾　　　,287
7096,なつめやし　乾　　　,266
7097,パインアップル　生　　　,51
7098,パインアップル　果実飲料　ストレートジュース　　,41
7099,パインアップル　果実飲料　濃縮還元ジュース　　,41
7100,パインアップル　果実飲料　50 %果汁入り飲料　　,51
7101,パインアップル　果実飲料　10 %果汁入り飲料　　,50
7102,パインアップル　缶詰　　　,84
7103,パインアップル　砂糖漬　　　,351
7104,ハスカップ　生　　　,53
7106,パッションフルーツ　果汁　生　　　,64
7107,バナナ　生　　　,86
7108,バナナ　乾　　　,299
7109,パパイア　完熟　生　　　,38
7110,パパイア　未熟　生　　　,39
7114,びわ　生　　　,40
7115,びわ　缶詰　　　,81
7116,ぶどう　生　　　,59
7117,ぶどう　干しぶどう　　　,301
7118,ぶどう　果実飲料　ストレートジュース　　,55
7119,ぶどう　果実飲料　濃縮還元ジュース　　,47
7120,ぶどう　果実飲料　70 %果汁入り飲料　　,52
7121,ぶどう　果実飲料　10 %果汁入り飲料　　,52
7122,ぶどう　缶詰　　　,84
7123,ぶどう　ジャム　　　,193
7124,ブルーベリー　生　　　,49
7125,ブルーベリー　ジャム　　　,181
7172,ブルーベリー　乾　　　,286
7128,ホワイトサポテ　生　　　,74
7130,まくわうり　黄肉種　生　　　,32
7173,まくわうり　白肉種　生　　　,32
7131,マルメロ　生　　　,56
7132,マンゴー　生　　　,64
7133,マンゴスチン　生　　　,67
7134,メロン　温室メロン　生　　　,42
7135,メロン　露地メロン　緑肉種　生　,42
7174,メロン　露地メロン　赤肉種　生　　,42
7136,（もも類）　もも　生　　,40
7137,（もも類）　もも　30 %果汁入り飲料（ネクター）　　,48
7138,（もも類）　もも　缶詰　白肉種　果肉　,85
7175,（もも類）　もも　缶詰　黄肉種　果肉　,85
7139,（もも類）　もも　缶詰　液汁　,81
7140,（もも類）　ネクタリン　生　　,43
7141,やまもも　生　　　,44
7144,ライチー　生　　　,63
7146,ラズベリー　生　　　,41
7147,りゅうがん　乾　　　,283
7148,りんご　皮むき　生　　　,57
7176,りんご　皮つき　生　　　,61
7149,りんご　果実飲料　ストレートジュース　　,44
7150,りんご　果実飲料　濃縮還元ジュース　　,43
7151,りんご　果実飲料　50 %果汁入り飲料　　,46
7152,りんご　果実飲料　30 %果汁入り飲料　　,46
7153,りんご　缶詰　　　,83
7154,りんご　ジャム　　　,213
8001,えのきたけ　生　　　,22
8002,えのきたけ　ゆで　　　,22
8037,えのきたけ　油いため　　　,58
8003,えのきたけ　味付け瓶詰　　　,85
8004,（きくらげ類）　あらげきくらげ　乾　　,171
8005,（きくらげ類）　あらげきくらげ　ゆで　　,35
8038,（きくらげ類）　あらげきくらげ　油いため　　,107
8006,（きくらげ類）　きくらげ　乾　　,167
8007,（きくらげ類）　きくらげ　ゆで　　,13
8008,（きくらげ類）　しろきくらげ　乾　　,162
8009,（きくらげ類）　しろきくらげ　ゆで　　,14
8010,くろあわびたけ　生　　　,19
8039,しいたけ　生しいたけ　菌床栽培　生　　,19
8040,しいたけ　生しいたけ　菌床栽培　ゆで　　,17
8041,しいたけ　生しいたけ　菌床栽培　油いため　　,57
8042,しいたけ　生しいたけ　原木栽培　生　　,23
8043,しいたけ　生しいたけ　原木栽培　ゆで　　,19
8044,しいたけ　生しいたけ　原木栽培　油いため　　,73
8013,しいたけ　乾しいたけ　乾　　,182
8014,しいたけ　乾しいたけ　ゆで　　,42
8015,（しめじ類）　はたけしめじ　生　　,15
8045,（しめじ類）　はたけしめじ　ゆで　　,17
8016,（しめじ類）　ぶなしめじ　生　　,18
8017,（しめじ類）　ぶなしめじ　ゆで　　,21
8046,（しめじ類）　ぶなしめじ　油いため　　,53
8018,（しめじ類）　ほんしめじ　生　　,12
8047,（しめじ類）　ほんしめじ　ゆで　　,16
8019,たもぎたけ　生　　　,16
8020,なめこ　生　　　,15
8021,なめこ　ゆで　　　,14
8022,なめこ　水煮缶詰　　　,9
8023,ぬめりすぎたけ　生　　　,15
8024,（ひらたけ類）　うすひらたけ　生　　,23
8025,（ひらたけ類）　エリンギ　生　　,19
8048,（ひらたけ類）　エリンギ　ゆで　　,21
8049,（ひらたけ類）　エリンギ　焼き　　,29
8050,（ひらたけ類）　エリンギ　油いため　　,55
8026,（ひらたけ類）　ひらたけ　生　　,20
8027,（ひらたけ類）　ひらたけ　ゆで　　,21
8028,まいたけ　生　　　,15
8029,まいたけ　ゆで　　　,18
8051,まいたけ　油いため　　　,56
8030,まいたけ　乾　　　,181
8031,マッシュルーム　生　　　,11
8032,マッシュルーム　ゆで　　　,16
8052,マッシュルーム　油いため　　　,56
8033,マッシュルーム　水煮缶詰　　　,14
8034,まつたけ　生　　　,23
8036,やなぎまつたけ　生　　　,13
9001,あおさ　素干し　　　,130
9002,あおのり　素干し　　　,164
9003,あまのり　ほしのり　　　,173
9004,あまのり　焼きのり　　　,188
9005,あまのり　味付けのり　　　,359
9006,あらめ　蒸し干し　　　,140
9007,いわのり　素干し　　　,151
9012,うみぶどう　生　　　,4
9008,えごのり　素干し　　　,143
9009,えごのり　おきうと　　　,6
9010,おごのり　塩蔵　塩抜き　　　,21
9011,かわのり　素干し　　　,167
9013,（こんぶ類）　えながおにこんぶ　素干し　　,138
9014,（こんぶ類）　がごめこんぶ　素干し　　,142
9015,（こんぶ類）　ながこんぶ　素干し　　,140
9016,（こんぶ類）　ほそめこんぶ　素干し　　,147
9017,（こんぶ類）　まこんぶ　素干し　　,145
9018,（こんぶ類）　みついしこんぶ　素干し　　,153
9019,（こんぶ類）　りしりこんぶ　素干し　　,138
9020,（こんぶ類）　刻み昆布　　　,105
9021,（こんぶ類）　削り昆布　　　,117
9022,（こんぶ類）　塩昆布　　　,110
9023,（こんぶ類）　つくだ煮　　　,168
9024,すいぜんじのり　素干し　水戻し　　　,7
9025,てんぐさ　素干し　　　,144
9026,てんぐさ　ところてん　　　,2
9027,てんぐさ　角寒天　　　,154
9028,てんぐさ　寒天　　　,3
9049,てんぐさ　粉寒天　　　,165
9029,とさかのり　赤とさか　塩蔵　塩抜き　　,14
9030,とさかのり　青とさか　塩蔵　塩抜き　　,13
9050,ひじき　ほしひじき　ステンレス釜　乾　　,149
9051,ひじき　ほしひじき　ステンレス釜　ゆで　　,10
9052,ひじき　ほしひじき　ステンレス釜　油いため　　,51
9053,ひじき　ほしひじき　鉄釜　乾　　,145
9054,ひじき　ほしひじき　鉄釜　ゆで　　,10
9055,ひじき　ほしひじき　鉄釜　油いため　　,51
9032,ひとえぐさ　素干し　　　,130
9033,ひとえぐさ　つくだ煮　　　,154
9034,ふのり　素干し　　　,148
9035,まつも　素干し　　　,159
9036,むかでのり　塩蔵　塩抜き　　　,10
9037,（もずく類）　おきなわもずく　塩蔵　塩抜き　　,6
9038,（もずく類）　もずく　塩蔵　塩抜き　　,4
9039,わかめ　原藻　生　　　,16
9040,わかめ　乾燥わかめ　素干し　　,117
9041,わかめ　乾燥わかめ　素干し　水戻し　　,17
9042,わかめ　乾燥わかめ　板わかめ　　,134
9043,わかめ　乾燥わかめ　灰干し　水戻し　　,7
9044,わかめ　カットわかめ　　　,138
9045,わかめ　湯通し塩蔵わかめ　塩抜き　　,11
9046,わかめ　くきわかめ　湯通し塩蔵　塩抜き　　,15
9047,わかめ　めかぶわかめ　生　　,11
10001,＜魚類＞あいなめ　生　　　,113
10002,＜魚類＞あこうだい　生　　　,93
10003,＜魚類＞（あじ類）　まあじ　皮つき、生　　,126
10389,＜魚類＞（あじ類）　まあじ　皮なし、刺身　　,123
10004,＜魚類＞（あじ類）　まあじ　皮つき、水煮　　,151
10005,＜魚類＞（あじ類）　まあじ　皮つき、焼き　　,170
10390,＜魚類＞（あじ類）　まあじ　皮つき、フライ　　,276
10006,＜魚類＞（あじ類）　まあじ　開き干し　生　　,168
10007,＜魚類＞（あじ類）　まあじ　開き干し　焼き　　,220
10391,＜魚類＞（あじ類）　まあじ　小型　骨付き　生　　,123
10392,＜魚類＞（あじ類）　まあじ　小型　骨付き　から揚げ　,278
10393,＜魚類＞（あじ類）　まるあじ　生　　,147
10394,＜魚類＞（あじ類）　まるあじ　焼き　　,194
10008,＜魚類＞（あじ類）　にしまあじ　生　　,169
10009,＜魚類＞（あじ類）　にしまあじ　水煮　　,175
10010,＜魚類＞（あじ類）　にしまあじ　焼き　　,203
10011,＜魚類＞（あじ類）　むろあじ　生　　,166
10012,＜魚類＞（あじ類）　むろあじ　焼き　　,186
10013,＜魚類＞（あじ類）　むろあじ　開き干し　　,155
10014,＜魚類＞（あじ類）　むろあじ　くさや　　,240
10015,＜魚類＞あなご　生　　　,161
10016,＜魚類＞あなご　蒸し　　　,194
10017,＜魚類＞あまご　養殖　生　　　,112
10018,＜魚類＞あまだい　生　　　,113
10019,＜魚類＞あまだい　水煮　　　,125
10020,＜魚類＞あまだい　焼き　　　,119
10021,＜魚類＞あゆ　天然　生　　　,100
10022,＜魚類＞あゆ　天然　焼き　　　,177
10023,＜魚類＞あゆ　天然　内臓　生　　　,206
10024,＜魚類＞あゆ　天然　内臓　焼き　　　,194
10025,＜魚類＞あゆ　養殖　生　　　,152
10026,＜魚類＞あゆ　養殖　焼き　　　,241
10027,＜魚類＞あゆ　養殖　内臓　生　　　,550
10028,＜魚類＞あゆ　養殖　内臓　焼き　　　,558
10029,＜魚類＞あゆ　うるか　　　,171
10030,＜魚類＞アラスカめぬけ　生　　　,105
10031,＜魚類＞あんこう　生　　　,58
10032,＜魚類＞あんこう　きも　生　　　,445
10033,＜魚類＞いかなご　生　　　,125
10034,＜魚類＞いかなご　煮干し　　　,245
10035,＜魚類＞いかなご　つくだ煮　　　,282
10036,＜魚類＞いかなご　あめ煮　　　,279
10037,＜魚類＞いさき　生　　　,127
10038,＜魚類＞いしだい　生　　　,156
10039,＜魚類＞いとよりだい　生　　　,93
10040,＜魚類＞いとよりだい　すり身　,91
10041,＜魚類＞いぼだい　生　　　,149
10042,＜魚類＞（いわし類）　うるめいわし　生　　,136
10043,＜魚類＞（いわし類）　うるめいわし　丸干し　　,239
10044,＜魚類＞（いわし類）　かたくちいわし　生　　,192
10045,＜魚類＞（いわし類）　かたくちいわし　煮干し　　,332
10046,＜魚類＞（いわし類）　かたくちいわし　田作り　　,336
10047,＜魚類＞（いわし類）　まいわし　生　　,169
10048,＜魚類＞（いわし類）　まいわし　水煮　　,178
10049,＜魚類＞（いわし類）　まいわし　焼き　　,196
10395,＜魚類＞（いわし類）　まいわし　フライ　　,396
10050,＜魚類＞（いわし類）　まいわし　塩いわし　　,163
10051,＜魚類＞（いわし類）　まいわし　生干し　　,242
10052,＜魚類＞（いわし類）　まいわし　丸干し　　,193
10053,＜魚類＞（いわし類）　めざし　生　　,257
10054,＜魚類＞（いわし類）　めざし　焼き　　,244
10396,＜魚類＞（いわし類）　しらす　生　　　,76
10055,＜魚類＞（いわし類）　しらす干し　微乾燥品　　,113
10056,＜魚類＞（いわし類）　しらす干し　半乾燥品　　,206
10057,＜魚類＞（いわし類）　たたみいわし　　　,372
10058,＜魚類＞（いわし類）　みりん干し　かたくちいわし　　,340
10059,＜魚類＞（いわし類）　みりん干し　まいわし　　,332
10060,＜魚類＞（いわし類）　缶詰　水煮　　,188
10061,＜魚類＞（いわし類）　缶詰　味付け　　,212
10062,＜魚類＞（いわし類）　缶詰　トマト漬　　,172
10063,＜魚類＞（いわし類）　缶詰　油漬　　,359
10064,＜魚類＞（いわし類）　缶詰　かば焼　　,242
10397,＜魚類＞（いわし類）　缶詰　アンチョビ　　,158
10065,＜魚類＞いわな　養殖　生　　　,114
10066,＜魚類＞うぐい　生　　　,100
10067,＜魚類＞うなぎ　養殖　生　　　,255
10068,＜魚類＞うなぎ　きも　生　　　,118
10069,＜魚類＞うなぎ　白焼き　　　,331
10070,＜魚類＞うなぎ　かば焼　　　,293
10071,＜魚類＞うまづらはぎ　生　　　,80
10072,＜魚類＞うまづらはぎ　味付け開き干し　　　,292
10073,＜魚類＞えい　生　　　,84
10074,＜魚類＞えそ　生　　　,93
10075,＜魚類＞おいかわ　生　　　,136
10076,＜魚類＞おおさが　生　　　,144
10077,＜魚類＞おこぜ　生　　　,85
10078,＜魚類＞おひょう　生　　　,100
10079,＜魚類＞かさご　生　　　,85
10080,＜魚類＞かじか　生　　　,111
10081,＜魚類＞かじか　水煮　　　,122
10082,＜魚類＞かじか　つくだ煮　　　,302
10083,＜魚類＞（かじき類）　くろかじき　生　　,99
10084,＜魚類＞（かじき類）　まかじき　生　　,115
10085,＜魚類＞（かじき類）　めかじき　生　　,153
10398,＜魚類＞（かじき類）　めかじき　焼き　　,220
10086,＜魚類＞（かつお類）　かつお　春獲り　生　　,114
10087,＜魚類＞（かつお類）　かつお　秋獲り　生　　,165
10088,＜魚類＞（かつお類）　そうだがつお　生　　,136
10089,＜魚類＞（かつお類）　加工品　なまり　　,134
10090,＜魚類＞（かつお類）　加工品　なまり節　　,173
10091,＜魚類＞（かつお類）　加工品　かつお節　　,356
10092,＜魚類＞（かつお類）　加工品　削り節　　,351
10093,＜魚類＞（かつお類）　加工品　削り節つくだ煮　　,237
10094,＜魚類＞（かつお類）　加工品　角煮　　,224
10095,＜魚類＞（かつお類）　加工品　塩辛　　,62
10096,＜魚類＞（かつお類）　缶詰　味付け　フレーク　　,141
10097,＜魚類＞（かつお類）　缶詰　油漬　フレーク　　,293
10098,＜魚類＞かます　生　　　,148
10099,＜魚類＞かます　焼き　　　,145
10100,＜魚類＞（かれい類）　まがれい　生　　,95
10101,＜魚類＞（かれい類）　まがれい　水煮　　,107
10102,＜魚類＞（かれい類）　まがれい　焼き　　,110
10103,＜魚類＞（かれい類）　まこがれい　生　　,93
10399,＜魚類＞（かれい類）　まこがれい　焼き　　,147
10104,＜魚類＞（かれい類）　子持ちがれい　生　　,143
10105,＜魚類＞（かれい類）　子持ちがれい　水煮　　,162
10106,＜魚類＞（かれい類）　干しかれい　　　,117
10107,＜魚類＞かわはぎ　生　　　,80
10108,＜魚類＞かんぱち　生　　　,129
10109,＜魚類＞きす　生　　　,80
10400,＜魚類＞きす　天ぷら　　　,241
10110,＜魚類＞きちじ　生　　　,262
10111,＜魚類＞きびなご　生　　　,93
10112,＜魚類＞きびなご　調味干し　　　,274
10113,＜魚類＞キャビア　塩蔵品　　　,263
10114,＜魚類＞キングクリップ　生　　　,78
10115,＜魚類＞ぎんだら　生　　　,232
10401,＜魚類＞ぎんだら　水煮　　　,287
10116,＜魚類＞きんめだい　生　　　,160
10117,＜魚類＞ぐち　生　　　,83
10118,＜魚類＞ぐち　焼き　　　,106
10119,＜魚類＞こい　養殖　生　　　,171
10120,＜魚類＞こい　養殖　水煮　　　,208
10121,＜魚類＞こい　養殖　内臓　生　　　,287
10122,＜魚類＞（こち類）　まごち　生　　,100
10123,＜魚類＞（こち類）　めごち　生　　,75
10124,＜魚類＞このしろ　生　　　,160
10125,＜魚類＞このしろ　甘酢漬　　　,193
10126,＜魚類＞（さけ・ます類）　からふとます　生　　,154
10127,＜魚類＞（さけ・ます類）　からふとます　焼き　　,191
10128,＜魚類＞（さけ・ます類）　からふとます　塩ます　　,160
10129,＜魚類＞（さけ・ます類）　からふとます　水煮缶詰　　,156
10130,＜魚類＞（さけ・ます類）　ぎんざけ　養殖　生　　,204
10131,＜魚類＞（さけ・ます類）　ぎんざけ　養殖　焼き　　,257
10132,＜魚類＞（さけ・ます類）　さくらます　生　　,161
10133,＜魚類＞（さけ・ます類）　さくらます　焼き　　,233
10134,＜魚類＞（さけ・ます類）　しろさけ　生　　,133
10135,＜魚類＞（さけ・ます類）　しろさけ　水煮　　,152
10136,＜魚類＞（さけ・ます類）　しろさけ　焼き　　,171
10137,＜魚類＞（さけ・ます類）　しろさけ　新巻き　生　　,154
10138,＜魚類＞（さけ・ます類）　しろさけ　新巻き　焼き　　,198
10139,＜魚類＞（さけ・ます類）　しろさけ　塩ざけ　　,199
10140,＜魚類＞（さけ・ます類）　しろさけ　イクラ　　,272
10141,＜魚類＞（さけ・ます類）　しろさけ　すじこ　　,282
10142,＜魚類＞（さけ・ます類）　しろさけ　めふん　　,77
10143,＜魚類＞（さけ・ます類）　しろさけ　水煮缶詰　　,170
10144,＜魚類＞（さけ・ます類）　たいせいようさけ　養殖　生　　,237
10145,＜魚類＞（さけ・ます類）　たいせいようさけ　養殖　焼き　　,295
10146,＜魚類＞（さけ・ます類）　にじます　海面養殖　皮つき、生　　,224
10402,＜魚類＞（さけ・ます類）　にじます　海面養殖　皮なし、刺身　　,189
10147,＜魚類＞（さけ・ます類）　にじます　海面養殖　皮つき、焼き　　,266
10148,＜魚類＞（さけ・ます類）　にじます　淡水養殖　皮つき、生　　,127
10149,＜魚類＞（さけ・ます類）　べにざけ　生　　,138
10150,＜魚類＞（さけ・ます類）　べにざけ　焼き　　,177
10151,＜魚類＞（さけ・ます類）　べにざけ　くん製　　,161
10152,＜魚類＞（さけ・ます類）　ますのすけ　生　　,200
10153,＜魚類＞（さけ・ます類）　ますのすけ　焼き　　,269
10154,＜魚類＞（さば類）　まさば　生　　,247
10155,＜魚類＞（さば類）　まさば　水煮　　,309
10156,＜魚類＞（さば類）　まさば　焼き　　,318
10403,＜魚類＞（さば類）　まさば　フライ　　,332
10404,＜魚類＞（さば類）　ごまさば　生　　,146
10405,＜魚類＞（さば類）　ごまさば　水煮　　,155
10406,＜魚類＞（さば類）　ごまさば　焼き　　,195
10157,＜魚類＞（さば類）　ごまさば　さば節　　,360
10158,＜魚類＞（さば類）　たいせいようさば　生　　,326
10159,＜魚類＞（さば類）　たいせいようさば　水煮　　,348
10160,＜魚類＞（さば類）　たいせいようさば　焼き　　,370
10161,＜魚類＞（さば類）　加工品　塩さば　　,291
10162,＜魚類＞（さば類）　加工品　開き干し　　,348
10163,＜魚類＞（さば類）　加工品　しめさば　　,339
10164,＜魚類＞（さば類）　缶詰　水煮　　,190
10165,＜魚類＞（さば類）　缶詰　みそ煮　　,217
10166,＜魚類＞（さば類）　缶詰　味付け　　,215
10167,＜魚類＞（さめ類）　あぶらつのざめ　生　　,159
10168,＜魚類＞（さめ類）　よしきりざめ　生　　,85
10169,＜魚類＞（さめ類）　ふかひれ　　　,342
10170,＜魚類＞さより　生　　　,95
10171,＜魚類＞さわら　生　　　,177
10172,＜魚類＞さわら　焼き　　　,202
10173,＜魚類＞さんま　皮つき、生　　　,297
10407,＜魚類＞さんま　皮なし、刺身　　　,335
10174,＜魚類＞さんま　皮つき、焼き　　　,270
10175,＜魚類＞さんま　開き干し　　　,261
10176,＜魚類＞さんま　みりん干し　　　,409
10177,＜魚類＞さんま　缶詰　味付け　　,268
10178,＜魚類＞さんま　缶詰　かば焼　　,225
10179,＜魚類＞しいら　生　　　,108
10180,＜魚類＞（ししゃも類）　ししゃも　生干し　生　　,166
10181,＜魚類＞（ししゃも類）　ししゃも　生干し　焼き　　,177
10182,＜魚類＞（ししゃも類）　からふとししゃも　生干し　生　　,177
10183,＜魚類＞（ししゃも類）　からふとししゃも　生干し　焼き　　,186
10184,＜魚類＞したびらめ　生　　　,96
10185,＜魚類＞しまあじ　養殖　生　　　,168
10186,＜魚類＞しらうお　生　　　,77
10187,＜魚類＞シルバー　生　　　,153
10188,＜魚類＞すずき　生　　　,123
10189,＜魚類＞（たい類）　きだい　生　　,108
10190,＜魚類＞（たい類）　くろだい　生　　,150
10191,＜魚類＞（たい類）　ちだい　生　　,105
10192,＜魚類＞（たい類）　まだい　天然　生　　,142
10193,＜魚類＞（たい類）　まだい　養殖　皮つき　生　　,177
10408,＜魚類＞（たい類）　まだい　養殖　皮なし　刺身　　,146
10194,＜魚類＞（たい類）　まだい　養殖　皮つき　水煮　　,206
10195,＜魚類＞（たい類）　まだい　養殖　皮つき　焼き　　,210
10196,＜魚類＞たかさご　生　　　,100
10197,＜魚類＞たかべ　生　　　,164
10198,＜魚類＞たちうお　生　　　,266
10199,＜魚類＞（たら類）　すけとうだら　生　　,76
10409,＜魚類＞（たら類）　すけとうだら　フライ　　,207
10200,＜魚類＞（たら類）　すけとうだら　すり身　　,98
10201,＜魚類＞（たら類）　すけとうだら　すきみだら　　,174
10202,＜魚類＞（たら類）　すけとうだら　たらこ　生　,140
10203,＜魚類＞（たら類）　すけとうだら　たらこ　焼き　,170
10204,＜魚類＞（たら類）　すけとうだら　からしめんたいこ　　,126
10205,＜魚類＞（たら類）　まだら　生　　,77
10206,＜魚類＞（たら類）　まだら　焼き　　,109
10207,＜魚類＞（たら類）　まだら　しらこ　生　　,62
10208,＜魚類＞（たら類）　まだら　塩だら　　,65
10209,＜魚類＞（たら類）　まだら　干しだら　　,317
10210,＜魚類＞（たら類）　まだら　でんぶ　　,278
10211,＜魚類＞ちか　生　　　,88
10213,＜魚類＞どじょう　生　　　,79
10214,＜魚類＞どじょう　水煮　　　,83
10215,＜魚類＞とびうお　生　　　,96
10212,＜魚類＞ナイルティラピア　生　　　,134
10216,＜魚類＞なまず　生　　　,159
10217,＜魚類＞にぎす　生　　　,91
10218,＜魚類＞にしん　生　　　,216
10219,＜魚類＞にしん　身欠きにしん　　　,246
10220,＜魚類＞にしん　開き干し　　　,264
10221,＜魚類＞にしん　くん製　　　,305
10222,＜魚類＞にしん　かずのこ　生　　,162
10223,＜魚類＞にしん　かずのこ　乾　　,385
10224,＜魚類＞にしん　かずのこ　塩蔵　水戻し　　,89
10225,＜魚類＞はぜ　生　　　,83
10226,＜魚類＞はぜ　つくだ煮　　　,284
10227,＜魚類＞はぜ　甘露煮　　　,265
10228,＜魚類＞はたはた　生　　　,113
10229,＜魚類＞はたはた　生干し　　　,167
10230,＜魚類＞はまふえふき　生　　　,90
10231,＜魚類＞はも　生　　　,144
10233,＜魚類＞ひらまさ　生　　　,142
10234,＜魚類＞ひらめ　天然　生　　　,103
10235,＜魚類＞ひらめ　養殖　皮つき　生　　　,126
10410,＜魚類＞ひらめ　養殖　皮なし　刺身　　　,113
10236,＜魚類＞（ふぐ類）　とらふぐ　養殖　生　　,85
10237,＜魚類＞（ふぐ類）　まふぐ　生　　,84
10238,＜魚類＞ふな　生　　　,101
10239,＜魚類＞ふな　水煮　　　,112
10240,＜魚類＞ふな　甘露煮　　　,272
10241,＜魚類＞ぶり　成魚　生　　,257
10242,＜魚類＞ぶり　成魚　焼き　　,304
10243,＜魚類＞ぶり　はまち　養殖　皮つき　生　　,251
10411,＜魚類＞ぶり　はまち　養殖　皮なし　刺身　　,203
10244,＜魚類＞ほうぼう　生　　　,122
10245,＜魚類＞ホキ　生　　　,84
10246,＜魚類＞ほっけ　生　　　,115
10247,＜魚類＞ほっけ　塩ほっけ　　　,123
10248,＜魚類＞ほっけ　開き干し　生　　,176
10412,＜魚類＞ほっけ　開き干し　焼き　　,200
10249,＜魚類＞ぼら　生　　　,128
10250,＜魚類＞ぼら　からすみ　　　,423
10251,＜魚類＞ほんもろこ　生　　　,113
10252,＜魚類＞（まぐろ類）　きはだ　生　　,106
10253,＜魚類＞（まぐろ類）　くろまぐろ　赤身　生　　,125
10254,＜魚類＞（まぐろ類）　くろまぐろ　脂身　生　　,344
10255,＜魚類＞（まぐろ類）　びんなが　生　　,117
10256,＜魚類＞（まぐろ類）　みなみまぐろ　赤身　生　　,93
10257,＜魚類＞（まぐろ類）　みなみまぐろ　脂身　生　　,352
10258,＜魚類＞（まぐろ類）　めじまぐろ　生　　,152
10259,＜魚類＞（まぐろ類）　めばち　生　　,108
10260,＜魚類＞（まぐろ類）　缶詰　水煮　フレーク　ライト　　,71
10261,＜魚類＞（まぐろ類）　缶詰　水煮　フレーク　ホワイト　　,97
10262,＜魚類＞（まぐろ類）　缶詰　味付け　フレーク　　,136
10263,＜魚類＞（まぐろ類）　缶詰　油漬　フレーク　ライト　　,267
10264,＜魚類＞（まぐろ類）　缶詰　油漬　フレーク　ホワイト　　,288
10265,＜魚類＞マジェランあいなめ　生　　　,272
10266,＜魚類＞まながつお　生　　　,175
10232,＜魚類＞みなみくろたち　生　　　,120
10267,＜魚類＞みなみだら　生　　　,72
10268,＜魚類＞むつ　生　　　,189
10269,＜魚類＞むつ　水煮　　　,173
10270,＜魚類＞めじな　生　　　,125
10271,＜魚類＞めばる　生　　　,109
10272,＜魚類＞メルルーサ　生　　　,77
10273,＜魚類＞やつめうなぎ　生　　　,273
10274,＜魚類＞やつめうなぎ　干しやつめ　　　,508
10275,＜魚類＞やまめ　養殖　生　　　,119
10276,＜魚類＞わかさぎ　生　　　,77
10277,＜魚類＞わかさぎ　つくだ煮　　　,317
10278,＜魚類＞わかさぎ　あめ煮　　　,313
10279,＜貝類＞あかがい　生　　　,74
10280,＜貝類＞あげまき　生　　　,48
10281,＜貝類＞あさり　生　　　,30
10282,＜貝類＞あさり　つくだ煮　　　,225
10283,＜貝類＞あさり　缶詰　水煮　　,114
10284,＜貝類＞あさり　缶詰　味付け　　,130
10285,＜貝類＞あわび　生　　　,73
10286,＜貝類＞あわび　干し　　　,273
10287,＜貝類＞あわび　塩辛　　　,100
10288,＜貝類＞あわび　水煮缶詰　　　,90
10289,＜貝類＞いがい　生　　　,70
10290,＜貝類＞いたやがい　養殖　生　　　,59
10291,＜貝類＞エスカルゴ　　水煮缶詰　　　,82
10292,＜貝類＞かき　養殖　生　　　,60
10293,＜貝類＞かき　養殖　水煮　　　,91
10294,＜貝類＞かき　くん製油漬缶詰　　　,298
10295,＜貝類＞さざえ　生　　　,89
10296,＜貝類＞さざえ　焼き　　　,97
10318,＜貝類＞さるぼう　味付け缶詰　　　,135
10297,＜貝類＞しじみ　生　　　,64
10413,＜貝類＞しじみ　水煮　　　,113
10298,＜貝類＞たいらがい　貝柱　生　　　,100
10299,＜貝類＞たにし　生　　　,80
10300,＜貝類＞つぶ　生　　　,86
10301,＜貝類＞とこぶし　生　　　,84
10303,＜貝類＞とりがい　斧足　生　　　,86
10304,＜貝類＞ばい　生　　　,87
10305,＜貝類＞ばかがい　生　　　,61
10306,＜貝類＞（はまぐり類）　はまぐり　生　　,39
10307,＜貝類＞（はまぐり類）　はまぐり　水煮　　,89
10308,＜貝類＞（はまぐり類）　はまぐり　焼き　　,77
10309,＜貝類＞（はまぐり類）　はまぐり　つくだ煮　　,219
10310,＜貝類＞（はまぐり類）　ちょうせんはまぐり　生　　,42
10311,＜貝類＞ほたてがい　生　　　,72
10312,＜貝類＞ほたてがい　水煮　　　,100
10313,＜貝類＞ほたてがい　貝柱　生　　,88
10414,＜貝類＞ほたてがい　貝柱　焼き　　,122
10314,＜貝類＞ほたてがい　貝柱　煮干し　　,322
10315,＜貝類＞ほたてがい　貝柱　水煮缶詰　　,94
10316,＜貝類＞ほっきがい　生　　　,73
10317,＜貝類＞みるがい　水管　生　　　,82
10319,＜えび・かに類＞（えび類）　あまえび　生　　,87
10320,＜えび・かに類＞（えび類）　いせえび　生　　,92
10321,＜えび・かに類＞（えび類）　くるまえび　養殖　生　　,97
10322,＜えび・かに類＞（えび類）　くるまえび　養殖　ゆで　　,124
10323,＜えび・かに類＞（えび類）　くるまえび　養殖　焼き　　,103
10324,＜えび・かに類＞（えび類）　さくらえび　ゆで　　,91
10325,＜えび・かに類＞（えび類）　さくらえび　素干し　　,312
10326,＜えび・かに類＞（えび類）　さくらえび　煮干し　　,273
10327,＜えび・かに類＞（えび類）　大正えび　生　　,95
10328,＜えび・かに類＞（えび類）　しばえび　生　　,83
10415,＜えび・かに類＞（えび類）　バナメイエビ　養殖　生　　,91
10416,＜えび・かに類＞（えび類）　バナメイエビ　養殖　天ぷら　　,199
10329,＜えび・かに類＞（えび類）　ブラックタイガー　養殖　生　　,82
10330,＜えび・かに類＞（えび類）　加工品　干しえび　　,233
10331,＜えび・かに類＞（えび類）　加工品　つくだ煮　　,244
10332,＜えび・かに類＞（かに類）　がざみ　生　　,65
10333,＜えび・かに類＞（かに類）　毛がに　生　　,72
10334,＜えび・かに類＞（かに類）　毛がに　ゆで　　,83
10335,＜えび・かに類＞（かに類）　ずわいがに　生　　,63
10336,＜えび・かに類＞（かに類）　ずわいがに　ゆで　　,69
10337,＜えび・かに類＞（かに類）　ずわいがに　水煮缶詰　　,73
10338,＜えび・かに類＞（かに類）　たらばがに　生　　,59
10339,＜えび・かに類＞（かに類）　たらばがに　ゆで　　,80
10340,＜えび・かに類＞（かに類）　たらばがに　水煮缶詰　　,90
10341,＜えび・かに類＞（かに類）　加工品　がん漬　　,59
10342,＜いか・たこ類＞（いか類）　あかいか　生　　,89
10343,＜いか・たこ類＞（いか類）　けんさきいか　生　　,84
10344,＜いか・たこ類＞（いか類）　こういか　生　　,66
10345,＜いか・たこ類＞（いか類）　するめいか　生　　,83
10346,＜いか・たこ類＞（いか類）　するめいか　水煮　　,101
10347,＜いか・たこ類＞（いか類）　するめいか　焼き　　,109
10417,＜いか・たこ類＞（いか類）　するめいか　胴　皮つき　生　　,86
10418,＜いか・たこ類＞（いか類）　するめいか　胴　皮なし　刺身　　,85
10419,＜いか・たこ類＞（いか類）　するめいか　胴　皮なし　天ぷら　　,189
10420,＜いか・たこ類＞（いか類）　するめいか　耳・足　生　　,80
10348,＜いか・たこ類＞（いか類）　ほたるいか　生　　,84
10349,＜いか・たこ類＞（いか類）　ほたるいか　ゆで　　,104
10350,＜いか・たこ類＞（いか類）　ほたるいか　くん製　　,325
10351,＜いか・たこ類＞（いか類）　ほたるいか　つくだ煮　　,260
10352,＜いか・たこ類＞（いか類）　やりいか　生　　,85
10353,＜いか・たこ類＞（いか類）　加工品　するめ　　,334
10354,＜いか・たこ類＞（いか類）　加工品　さきいか　　,279
10355,＜いか・たこ類＞（いか類）　加工品　くん製　　,206
10356,＜いか・たこ類＞（いか類）　加工品　切りいかあめ煮　　,318
10357,＜いか・たこ類＞（いか類）　加工品　いかあられ　　,293
10358,＜いか・たこ類＞（いか類）　加工品　塩辛　　,117
10359,＜いか・たこ類＞（いか類）　加工品　味付け缶詰　　,133
10360,＜いか・たこ類＞（たこ類）　いいだこ　生　　,70
10361,＜いか・たこ類＞（たこ類）　まだこ　生　　,76
10362,＜いか・たこ類＞（たこ類）　まだこ　ゆで　　,99
10363,＜その他＞あみ　つくだ煮　　　,233
10364,＜その他＞あみ　塩辛　　　,65
10365,＜その他＞うに　生うに　　　,120
10366,＜その他＞うに　粒うに　　　,183
10367,＜その他＞うに　練りうに　　　,170
10368,＜その他＞おきあみ　生　　　,94
10369,＜その他＞おきあみ　ゆで　　　,86
10370,＜その他＞くらげ　塩蔵　塩抜き　　　,22
10371,＜その他＞しゃこ　ゆで　　　,98
10372,＜その他＞なまこ　生　　　,23
10373,＜その他＞なまこ　このわた　　　,64
10374,＜その他＞ほや　生　　　,30
10375,＜その他＞ほや　塩辛　　　,72
10376,＜水産練り製品＞かに風味かまぼこ　　　　,90
10377,＜水産練り製品＞昆布巻きかまぼこ　　　　,84
10378,＜水産練り製品＞す巻きかまぼこ　　　　,90
10379,＜水産練り製品＞蒸しかまぼこ　　　　,95
10380,＜水産練り製品＞焼き抜きかまぼこ　　　　,103
10381,＜水産練り製品＞焼き竹輪　　　　,121
10382,＜水産練り製品＞だて巻　　　　,196
10383,＜水産練り製品＞つみれ　　　　,113
10384,＜水産練り製品＞なると　　　　,80
10385,＜水産練り製品＞はんぺん　　　　,94
10386,＜水産練り製品＞さつま揚げ　　　　,139
10387,＜水産練り製品＞魚肉ハム　　　　,158
10388,＜水産練り製品＞魚肉ソーセージ　　　　,161
11001,＜畜肉類＞いのしし　肉　脂身つき　生　　　,268
11002,＜畜肉類＞いのぶた　肉　脂身つき　生　　　,304
11003,＜畜肉類＞うさぎ　肉　赤肉　生　　　,146
11004,＜畜肉類＞うし　［和牛肉］　かた　脂身つき　生　,286
11005,＜畜肉類＞うし　［和牛肉］　かた　皮下脂肪なし　生　,265
11006,＜畜肉類＞うし　［和牛肉］　かた　赤肉　生　,201
11007,＜畜肉類＞うし　［和牛肉］　かた　脂身　生　,751
11008,＜畜肉類＞うし　［和牛肉］　かたロース　脂身つき　生　,411
11009,＜畜肉類＞うし　［和牛肉］　かたロース　皮下脂肪なし　生　,403
11010,＜畜肉類＞うし　［和牛肉］　かたロース　赤肉　生　,316
11011,＜畜肉類＞うし　［和牛肉］　リブロース　脂身つき　生　,573
11248,＜畜肉類＞うし　［和牛肉］　リブロース　脂身つき　焼き　,597
11249,＜畜肉類＞うし　［和牛肉］　リブロース　脂身つき　ゆで　,601
11012,＜畜肉類＞うし　［和牛肉］　リブロース　皮下脂肪なし　生　,556
11013,＜畜肉類＞うし　［和牛肉］　リブロース　赤肉　生　,436
11014,＜畜肉類＞うし　［和牛肉］　リブロース　脂身　生　,752
11015,＜畜肉類＞うし　［和牛肉］　サーロイン　脂身つき　生　,498
11016,＜畜肉類＞うし　［和牛肉］　サーロイン　皮下脂肪なし　生　,456
11017,＜畜肉類＞うし　［和牛肉］　サーロイン　赤肉　生　,317
11018,＜畜肉類＞うし　［和牛肉］　ばら　脂身つき　生　,517
11019,＜畜肉類＞うし　［和牛肉］　もも　脂身つき　生　,259
11020,＜畜肉類＞うし　［和牛肉］　もも　皮下脂肪なし　生　,233
11250,＜畜肉類＞うし　［和牛肉］　もも　皮下脂肪なし　焼き　,333
11251,＜畜肉類＞うし　［和牛肉］　もも　皮下脂肪なし　ゆで　,328
11021,＜畜肉類＞うし　［和牛肉］　もも　赤肉　生　,193
11022,＜畜肉類＞うし　［和牛肉］　もも　脂身　生　,728
11023,＜畜肉類＞うし　［和牛肉］　そともも　脂身つき　生　,265
11024,＜畜肉類＞うし　［和牛肉］　そともも　皮下脂肪なし　生　,237
11025,＜畜肉類＞うし　［和牛肉］　そともも　赤肉　生　,172
11026,＜畜肉類＞うし　［和牛肉］　ランプ　脂身つき　生　,347
11027,＜畜肉類＞うし　［和牛肉］　ランプ　皮下脂肪なし　生　,318
11028,＜畜肉類＞うし　［和牛肉］　ランプ　赤肉　生　,211
11029,＜畜肉類＞うし　［和牛肉］　ヒレ　赤肉　生　,223
11030,＜畜肉類＞うし　［乳用肥育牛肉］　かた　脂身つき　生　,257
11031,＜畜肉類＞うし　［乳用肥育牛肉］　かた　皮下脂肪なし　生　,217
11032,＜畜肉類＞うし　［乳用肥育牛肉］　かた　赤肉　生　,143
11033,＜畜肉類＞うし　［乳用肥育牛肉］　かた　脂身　生　,709
11034,＜畜肉類＞うし　［乳用肥育牛肉］　かたロース　脂身つき　生　,318
11035,＜畜肉類＞うし　［乳用肥育牛肉］　かたロース　皮下脂肪なし　生　,308
11036,＜畜肉類＞うし　［乳用肥育牛肉］　かたロース　赤肉　生　,212
11037,＜畜肉類＞うし　［乳用肥育牛肉］　リブロース　脂身つき　生　,409
11038,＜畜肉類＞うし　［乳用肥育牛肉］　リブロース　脂身つき　焼き　,511
11039,＜畜肉類＞うし　［乳用肥育牛肉］　リブロース　脂身つき　ゆで　,478
11040,＜畜肉類＞うし　［乳用肥育牛肉］　リブロース　皮下脂肪なし　生　,378
11041,＜畜肉類＞うし　［乳用肥育牛肉］　リブロース　赤肉　生　,248
11042,＜畜肉類＞うし　［乳用肥育牛肉］　リブロース　脂身　生　,773
11043,＜畜肉類＞うし　［乳用肥育牛肉］　サーロイン　脂身つき　生　,334
11044,＜畜肉類＞うし　［乳用肥育牛肉］　サーロイン　皮下脂肪なし　生　,270
11045,＜畜肉類＞うし　［乳用肥育牛肉］　サーロイン　赤肉　生　,177
11046,＜畜肉類＞うし　［乳用肥育牛肉］　ばら　脂身つき　生　,426
11252,＜畜肉類＞うし　［乳用肥育牛肉］　ばら　脂身つき　焼き　,484
11047,＜畜肉類＞うし　［乳用肥育牛肉］　もも　脂身つき　生　,209
11048,＜畜肉類＞うし　［乳用肥育牛肉］　もも　皮下脂肪なし　生　,181
11049,＜畜肉類＞うし　［乳用肥育牛肉］　もも　皮下脂肪なし　焼き　,245
11050,＜畜肉類＞うし　［乳用肥育牛肉］　もも　皮下脂肪なし　ゆで　,252
11051,＜畜肉類＞うし　［乳用肥育牛肉］　もも　赤肉　生　,140
11052,＜畜肉類＞うし　［乳用肥育牛肉］　もも　脂身　生　,626
11053,＜畜肉類＞うし　［乳用肥育牛肉］　そともも　脂身つき　生　,233
11054,＜畜肉類＞うし　［乳用肥育牛肉］　そともも　皮下脂肪なし　生　,190
11055,＜畜肉類＞うし　［乳用肥育牛肉］　そともも　赤肉　生　,140
11056,＜畜肉類＞うし　［乳用肥育牛肉］　ランプ　脂身つき　生　,248
11057,＜畜肉類＞うし　［乳用肥育牛肉］　ランプ　皮下脂肪なし　生　,216
11058,＜畜肉類＞うし　［乳用肥育牛肉］　ランプ　赤肉　生　,153
11059,＜畜肉類＞うし　［乳用肥育牛肉］　ヒレ　赤肉　生　,195
11253,＜畜肉類＞うし　［乳用肥育牛肉］　ヒレ　赤肉　焼き　,259
11254,＜畜肉類＞うし　［交雑牛肉］　リブロース　脂身つき　生　,539
11255,＜畜肉類＞うし　［交雑牛肉］　リブロース　脂身つき　焼き　,627
11256,＜畜肉類＞うし　［交雑牛肉］　リブロース　脂身つき　ゆで　,588
11257,＜畜肉類＞うし　［交雑牛肉］　リブロース　皮下脂肪なし　生　,484
11258,＜畜肉類＞うし　［交雑牛肉］　リブロース　赤肉　生　,376
11259,＜畜肉類＞うし　［交雑牛肉］　リブロース　脂身　生　,831
11260,＜畜肉類＞うし　［交雑牛肉］　ばら　脂身つき　生　,470
11261,＜畜肉類＞うし　［交雑牛肉］　もも　脂身つき　生　,343
11262,＜畜肉類＞うし　［交雑牛肉］　もも　皮下脂肪なし　生　,282
11263,＜畜肉類＞うし　［交雑牛肉］　もも　皮下脂肪なし　焼き　,367
11264,＜畜肉類＞うし　［交雑牛肉］　もも　皮下脂肪なし　ゆで　,375
11265,＜畜肉類＞うし　［交雑牛肉］　もも　赤肉　生　,248
11266,＜畜肉類＞うし　［交雑牛肉］　もも　脂身　生　,734
11267,＜畜肉類＞うし　［交雑牛肉］　ヒレ　赤肉　生　,251
11060,＜畜肉類＞うし　［輸入牛肉］　かた　脂身つき　生　,180
11061,＜畜肉類＞うし　［輸入牛肉］　かた　皮下脂肪なし　生　,157
11062,＜畜肉類＞うし　［輸入牛肉］　かた　赤肉　生　,130
11063,＜畜肉類＞うし　［輸入牛肉］　かた　脂身　生　,599
11064,＜畜肉類＞うし　［輸入牛肉］　かたロース　脂身つき　生　,240
11065,＜畜肉類＞うし　［輸入牛肉］　かたロース　皮下脂肪なし　生　,237
11066,＜畜肉類＞うし　［輸入牛肉］　かたロース　赤肉　生　,173
11067,＜畜肉類＞うし　［輸入牛肉］　リブロース　脂身つき　生　,231
11268,＜畜肉類＞うし　［輸入牛肉］　リブロース　脂身つき　焼き　,332
11269,＜畜肉類＞うし　［輸入牛肉］　リブロース　脂身つき　ゆで　,335
11068,＜畜肉類＞うし　［輸入牛肉］　リブロース　皮下脂肪なし　生　,223
11069,＜畜肉類＞うし　［輸入牛肉］　リブロース　赤肉　生　,179
11070,＜畜肉類＞うし　［輸入牛肉］　リブロース　脂身　生　,712
11071,＜畜肉類＞うし　［輸入牛肉］　サーロイン　脂身つき　生　,298
11072,＜畜肉類＞うし　［輸入牛肉］　サーロイン　皮下脂肪なし　生　,238
11073,＜畜肉類＞うし　［輸入牛肉］　サーロイン　赤肉　生　,136
11074,＜畜肉類＞うし　［輸入牛肉］　ばら　脂身つき　生　,371
11075,＜畜肉類＞うし　［輸入牛肉］　もも　脂身つき　生　,165
11076,＜畜肉類＞うし　［輸入牛肉］　もも　皮下脂肪なし　生　,149
11270,＜畜肉類＞うし　［輸入牛肉］　もも　皮下脂肪なし　焼き　,253
11271,＜畜肉類＞うし　［輸入牛肉］　もも　皮下脂肪なし　ゆで　,231
11077,＜畜肉類＞うし　［輸入牛肉］　もも　赤肉　生　,132
11078,＜畜肉類＞うし　［輸入牛肉］　もも　脂身　生　,633
11079,＜畜肉類＞うし　［輸入牛肉］　そともも　脂身つき　生　,215
11080,＜畜肉類＞うし　［輸入牛肉］　そともも　皮下脂肪なし　生　,195
11081,＜畜肉類＞うし　［輸入牛肉］　そともも　赤肉　生　,127
11082,＜畜肉類＞うし　［輸入牛肉］　ランプ　脂身つき　生　,234
11083,＜畜肉類＞うし　［輸入牛肉］　ランプ　皮下脂肪なし　生　,190
11084,＜畜肉類＞うし　［輸入牛肉］　ランプ　赤肉　生　,121
11085,＜畜肉類＞うし　［輸入牛肉］　ヒレ　赤肉　生　,133
11086,＜畜肉類＞うし　［子牛肉］　リブロース　皮下脂肪なし　生　,101
11087,＜畜肉類＞うし　［子牛肉］　ばら　皮下脂肪なし　生　,122
11088,＜畜肉類＞うし　［子牛肉］　もも　皮下脂肪なし　生　,116
11089,＜畜肉類＞うし　［ひき肉］　生　　,272
11272,＜畜肉類＞うし　［ひき肉］　焼き　　,311
11090,＜畜肉類＞うし　［副生物］　舌　生　,356
11273,＜畜肉類＞うし　［副生物］　舌　焼き　,435
11091,＜畜肉類＞うし　［副生物］　心臓　生　,142
11092,＜畜肉類＞うし　［副生物］　肝臓　生　,132
11093,＜畜肉類＞うし　［副生物］　じん臓　生　,131
11094,＜畜肉類＞うし　［副生物］　第一胃　ゆで　,182
11095,＜畜肉類＞うし　［副生物］　第二胃　ゆで　,200
11096,＜畜肉類＞うし　［副生物］　第三胃　生　,62
11097,＜畜肉類＞うし　［副生物］　第四胃　ゆで　,329
11098,＜畜肉類＞うし　［副生物］　小腸　生　,287
11099,＜畜肉類＞うし　［副生物］　大腸　生　,162
11100,＜畜肉類＞うし　［副生物］　直腸　生　,115
11101,＜畜肉類＞うし　［副生物］　腱　ゆで　,155
11102,＜畜肉類＞うし　［副生物］　子宮　ゆで　,106
11103,＜畜肉類＞うし　［副生物］　尾　生　,492
11274,＜畜肉類＞うし　［副生物］　横隔膜　生　,301
11104,＜畜肉類＞うし　［加工品］　ローストビーフ　　,196
11105,＜畜肉類＞うし　［加工品］　コンビーフ缶詰　　,203
11106,＜畜肉類＞うし　［加工品］　味付け缶詰　　,156
11107,＜畜肉類＞うし　［加工品］　ビーフジャーキー　　,315
11108,＜畜肉類＞うし　［加工品］　スモークタン　　,283
11109,＜畜肉類＞うま　肉　赤肉　生　　　,110
11110,＜畜肉類＞くじら　肉　赤肉　生　　　,106
11111,＜畜肉類＞くじら　うねす　生　　　,376
11112,＜畜肉類＞くじら　本皮　生　　　,689
11113,＜畜肉類＞くじら　さらしくじら　　　,31
11114,＜畜肉類＞しか　あかしか　赤肉　生　　　,110
11275,＜畜肉類＞しか　にほんじか　赤肉　生　　　,147
11115,＜畜肉類＞ぶた　［大型種肉］　かた　脂身つき　生　,216
11116,＜畜肉類＞ぶた　［大型種肉］　かた　皮下脂肪なし　生　,171
11117,＜畜肉類＞ぶた　［大型種肉］　かた　赤肉　生　,125
11118,＜畜肉類＞ぶた　［大型種肉］　かた　脂身　生　,704
11119,＜畜肉類＞ぶた　［大型種肉］　かたロース　脂身つき　生　,253
11120,＜畜肉類＞ぶた　［大型種肉］　かたロース　皮下脂肪なし　生　,226
11121,＜畜肉類＞ぶた　［大型種肉］　かたロース　赤肉　生　,157
11122,＜畜肉類＞ぶた　［大型種肉］　かたロース　脂身　生　,688
11123,＜畜肉類＞ぶた　［大型種肉］　ロース　脂身つき　生　,263
11124,＜畜肉類＞ぶた　［大型種肉］　ロース　脂身つき　焼き　,328
11125,＜畜肉類＞ぶた　［大型種肉］　ロース　脂身つき　ゆで　,329
11276,＜畜肉類＞ぶた　［大型種肉］　ロース　脂身つき　とんかつ　,450
11126,＜畜肉類＞ぶた　［大型種肉］　ロース　皮下脂肪なし　生　,202
11127,＜畜肉類＞ぶた　［大型種肉］　ロース　赤肉　生　,150
11128,＜畜肉類＞ぶた　［大型種肉］　ロース　脂身　生　,740
11129,＜畜肉類＞ぶた　［大型種肉］　ばら　脂身つき　生　,395
11277,＜畜肉類＞ぶた　［大型種肉］　ばら　脂身つき　焼き　,496
11130,＜畜肉類＞ぶた　［大型種肉］　もも　脂身つき　生　,183
11131,＜畜肉類＞ぶた　［大型種肉］　もも　皮下脂肪なし　生　,148
11132,＜畜肉類＞ぶた　［大型種肉］　もも　皮下脂肪なし　焼き　,200
11133,＜畜肉類＞ぶた　［大型種肉］　もも　皮下脂肪なし　ゆで　,199
11134,＜畜肉類＞ぶた　［大型種肉］　もも　赤肉　生　,128
11135,＜畜肉類＞ぶた　［大型種肉］　もも　脂身　生　,664
11136,＜畜肉類＞ぶた　［大型種肉］　そともも　脂身つき　生　,235
11137,＜畜肉類＞ぶた　［大型種肉］　そともも　皮下脂肪なし　生　,187
11138,＜畜肉類＞ぶた　［大型種肉］　そともも　赤肉　生　,143
11139,＜畜肉類＞ぶた　［大型種肉］　そともも　脂身　生　,669
11140,＜畜肉類＞ぶた　［大型種肉］　ヒレ　赤肉　生　,130
11278,＜畜肉類＞ぶた　［大型種肉］　ヒレ　赤肉　焼き　,223
11279,＜畜肉類＞ぶた　［大型種肉］　ヒレ　赤肉　とんかつ　,388
11141,＜畜肉類＞ぶた　［中型種肉］　かた　脂身つき　生　,239
11142,＜畜肉類＞ぶた　［中型種肉］　かた　皮下脂肪なし　生　,185
11143,＜畜肉類＞ぶた　［中型種肉］　かた　赤肉　生　,123
11144,＜畜肉類＞ぶた　［中型種肉］　かた　脂身　生　,733
11145,＜畜肉類＞ぶた　［中型種肉］　かたロース　脂身つき　生　,256
11146,＜畜肉類＞ぶた　［中型種肉］　かたロース　皮下脂肪なし　生　,226
11147,＜畜肉類＞ぶた　［中型種肉］　かたロース　赤肉　生　,151
11148,＜畜肉類＞ぶた　［中型種肉］　かたロース　脂身　生　,699
11149,＜畜肉類＞ぶた　［中型種肉］　ロース　脂身つき　生　,291
11150,＜畜肉類＞ぶた　［中型種肉］　ロース　皮下脂肪なし　生　,216
11151,＜畜肉類＞ぶた　［中型種肉］　ロース　赤肉　生　,141
11152,＜畜肉類＞ぶた　［中型種肉］　ロース　脂身　生　,754
11153,＜畜肉類＞ぶた　［中型種肉］　ばら　脂身つき　生　,434
11154,＜畜肉類＞ぶた　［中型種肉］　もも　脂身つき　生　,225
11155,＜畜肉類＞ぶた　［中型種肉］　もも　皮下脂肪なし　生　,164
11156,＜畜肉類＞ぶた　［中型種肉］　もも　赤肉　生　,143
11157,＜畜肉類＞ぶた　［中型種肉］　もも　脂身　生　,716
11158,＜畜肉類＞ぶた　［中型種肉］　そともも　脂身つき　生　,268
11159,＜畜肉類＞ぶた　［中型種肉］　そともも　皮下脂肪なし　生　,169
11160,＜畜肉類＞ぶた　［中型種肉］　そともも　赤肉　生　,138
11161,＜畜肉類＞ぶた　［中型種肉］　そともも　脂身　生　,703
11162,＜畜肉類＞ぶた　［中型種肉］　ヒレ　赤肉　生　,112
11163,＜畜肉類＞ぶた　［ひき肉］　生　　,236
11280,＜畜肉類＞ぶた　［ひき肉］　焼き　　,311
11164,＜畜肉類＞ぶた　［副生物］　舌　生　,221
11165,＜畜肉類＞ぶた　［副生物］　心臓　生　,135
11166,＜畜肉類＞ぶた　［副生物］　肝臓　生　,128
11167,＜畜肉類＞ぶた　［副生物］　じん臓　生　,114
11168,＜畜肉類＞ぶた　［副生物］　胃　ゆで　,121
11169,＜畜肉類＞ぶた　［副生物］　小腸　ゆで　,171
11170,＜畜肉類＞ぶた　［副生物］　大腸　ゆで　,179
11171,＜畜肉類＞ぶた　［副生物］　子宮　生　,70
11172,＜畜肉類＞ぶた　［副生物］　豚足　ゆで　,230
11173,＜畜肉類＞ぶた　［副生物］　軟骨　ゆで　,231
11174,＜畜肉類＞ぶた　［ハム類］　骨付きハム　　,219
11175,＜畜肉類＞ぶた　［ハム類］　ボンレスハム　　,118
11176,＜畜肉類＞ぶた　［ハム類］　ロースハム　　,196
11177,＜畜肉類＞ぶた　［ハム類］　ショルダーハム　　,231
11181,＜畜肉類＞ぶた　［ハム類］　生ハム　促成　,247
11182,＜畜肉類＞ぶた　［ハム類］　生ハム　長期熟成　,268
11178,＜畜肉類＞ぶた　［プレスハム類］　プレスハム　　,118
11180,＜畜肉類＞ぶた　［プレスハム類］　チョップドハム　　,135
11183,＜畜肉類＞ぶた　［ベーコン類］　ベーコン　　,405
11184,＜畜肉類＞ぶた　［ベーコン類］　ロースベーコン　　,211
11185,＜畜肉類＞ぶた　［ベーコン類］　ショルダーベーコン　　,186
11186,＜畜肉類＞ぶた　［ソーセージ類］　ウインナーソーセージ　　,321
11187,＜畜肉類＞ぶた　［ソーセージ類］　セミドライソーセージ　　,339
11188,＜畜肉類＞ぶた　［ソーセージ類］　ドライソーセージ　　,497
11189,＜畜肉類＞ぶた　［ソーセージ類］　フランクフルトソーセージ　　,298
11190,＜畜肉類＞ぶた　［ソーセージ類］　ボロニアソーセージ　　,251
11191,＜畜肉類＞ぶた　［ソーセージ類］　リオナソーセージ　　,192
11192,＜畜肉類＞ぶた　［ソーセージ類］　レバーソーセージ　　,368
11193,＜畜肉類＞ぶた　［ソーセージ類］　混合ソーセージ　　,270
11194,＜畜肉類＞ぶた　［ソーセージ類］　生ソーセージ　　,279
11195,＜畜肉類＞ぶた　［その他］　焼き豚　　,172
11196,＜畜肉類＞ぶた　［その他］　レバーペースト　　,378
11197,＜畜肉類＞ぶた　［その他］　スモークレバー　　,198
11198,＜畜肉類＞ぶた　［その他］　ゼラチン　　,344
11199,＜畜肉類＞めんよう　［マトン］　ロース　脂身つき　生　,225
11281,＜畜肉類＞めんよう　［マトン］　ロース　脂身つき　焼き　,358
11200,＜畜肉類＞めんよう　［マトン］　もも　脂身つき　生　,224
11201,＜畜肉類＞めんよう　［ラム］　かた　脂身つき　生　,233
11202,＜畜肉類＞めんよう　［ラム］　ロース　脂身つき　生　,310
11282,＜畜肉類＞めんよう　［ラム］　ロース　脂身つき　焼き　,388
11203,＜畜肉類＞めんよう　［ラム］　もも　脂身つき　生　,198
11283,＜畜肉類＞めんよう　［ラム］　もも　脂身つき　焼き　,312
11179,＜畜肉類＞めんよう　混合プレスハム　　,107
11204,＜畜肉類＞やぎ　肉　赤肉　生　,107
11207,＜鳥肉類＞うずら　肉　皮つき　生　　　,208
11239,＜鳥肉類＞がちょう　フォアグラ　ゆで　　,510
11208,＜鳥肉類＞かも　まがも　肉　皮なし　生　　,128
11205,＜鳥肉類＞かも　あいがも　肉　皮つき　生　　,333
11206,＜鳥肉類＞かも　あひる　肉　皮つき　生　　,250
11247,＜鳥肉類＞かも　あひる　肉　皮なし　生　　,106
11284,＜鳥肉類＞かも　あひる　皮　生　　,462
11209,＜鳥肉類＞きじ　肉　皮なし　生　　　,108
11210,＜鳥肉類＞しちめんちょう　肉　皮なし　生　　　,106
11211,＜鳥肉類＞すずめ　肉　骨・皮つき　生　　　,132
11212,＜鳥肉類＞にわとり　［成鶏肉］　手羽　皮つき　生　,195
11213,＜鳥肉類＞にわとり　［成鶏肉］　むね　皮つき　生　,244
11214,＜鳥肉類＞にわとり　［成鶏肉］　むね　皮なし　生　,121
11215,＜鳥肉類＞にわとり　［成鶏肉］　もも　皮つき　生　,253
11216,＜鳥肉類＞にわとり　［成鶏肉］　もも　皮なし　生　,138
11217,＜鳥肉類＞にわとり　［成鶏肉］　ささ身　生　,114
11218,＜鳥肉類＞にわとり　［若鶏肉］　手羽　皮つき　生　,210
11285,＜鳥肉類＞にわとり　［若鶏肉］　手羽先　皮つき　生　,226
11286,＜鳥肉類＞にわとり　［若鶏肉］　手羽元　皮つき　生　,197
11219,＜鳥肉類＞にわとり　［若鶏肉］　むね　皮つき　生　,145
11287,＜鳥肉類＞にわとり　［若鶏肉］　むね　皮つき　焼き　,233
11220,＜鳥肉類＞にわとり　［若鶏肉］　むね　皮なし　生　,116
11288,＜鳥肉類＞にわとり　［若鶏肉］　むね　皮なし　焼き　,195
11221,＜鳥肉類＞にわとり　［若鶏肉］　もも　皮つき　生　,204
11222,＜鳥肉類＞にわとり　［若鶏肉］　もも　皮つき　焼き　,241
11223,＜鳥肉類＞にわとり　［若鶏肉］　もも　皮つき　ゆで　,237
11289,＜鳥肉類＞にわとり　［若鶏肉］　もも　皮つき　から揚げ　,313
11224,＜鳥肉類＞にわとり　［若鶏肉］　もも　皮なし　生　,127
11225,＜鳥肉類＞にわとり　［若鶏肉］　もも　皮なし　焼き　,161
11226,＜鳥肉類＞にわとり　［若鶏肉］　もも　皮なし　ゆで　,155
11290,＜鳥肉類＞にわとり　［若鶏肉］　もも　皮なし　から揚げ　,255
11227,＜鳥肉類＞にわとり　［若鶏肉］　ささ身　生　,105
11228,＜鳥肉類＞にわとり　［若鶏肉］　ささ身　焼き　,127
11229,＜鳥肉類＞にわとり　［若鶏肉］　ささ身　ゆで　,125
11230,＜鳥肉類＞にわとり　［ひき肉］　生　　,186
11291,＜鳥肉類＞にわとり　［ひき肉］　焼き　　,255
11231,＜鳥肉類＞にわとり　［副生物］　心臓　生　,207
11232,＜鳥肉類＞にわとり　［副生物］　肝臓　生　,111
11233,＜鳥肉類＞にわとり　［副生物］　筋胃　生　,94
11234,＜鳥肉類＞にわとり　［副生物］　皮　むね　生　,492
11235,＜鳥肉類＞にわとり　［副生物］　皮　もも　生　,513
11236,＜鳥肉類＞にわとり　［副生物］　軟骨　生　,54
11237,＜鳥肉類＞にわとり　［その他］　焼き鳥缶詰　　,177
11292,＜鳥肉類＞にわとり　［その他］　チキンナゲット　,245
11293,＜鳥肉類＞にわとり　［その他］　つくね　,235
11238,＜鳥肉類＞はと　肉　皮なし　生　,141
11240,＜鳥肉類＞ほろほろちょう　肉　皮なし　生　　　,105
11241,＜その他＞いなご　つくだ煮　　　,247
11242,＜その他＞かえる　肉　生　　　,99
11243,＜その他＞すっぽん　肉　生　　　,197
11244,＜その他＞はち　はちの子缶詰　　　,250
12020,あひる卵　ピータン　　　,214
12001,うこっけい卵　全卵　生　　　,176
12002,うずら卵　全卵　生　　　,179
12003,うずら卵　水煮缶詰　　　,182
12004,鶏卵　全卵　生　,151
12005,鶏卵　全卵　ゆで　,151
12006,鶏卵　全卵　ポーチドエッグ　,164
12007,鶏卵　全卵　水煮缶詰　,146
12008,鶏卵　全卵　加糖全卵　,217
12009,鶏卵　全卵　乾燥全卵　,608
12010,鶏卵　卵黄　生　,387
12011,鶏卵　卵黄　ゆで　,386
12012,鶏卵　卵黄　加糖卵黄　,346
12013,鶏卵　卵黄　乾燥卵黄　,724
12014,鶏卵　卵白　生　,47
12015,鶏卵　卵白　ゆで　,50
12016,鶏卵　卵白　乾燥卵白　,378
12017,鶏卵　たまご豆腐　　,79
12018,鶏卵　たまご焼　厚焼きたまご　,151
12019,鶏卵　たまご焼　だし巻きたまご　,128
13001,＜牛乳及び乳製品＞（液状乳類）　生乳　ジャージー種　　,80
13002,＜牛乳及び乳製品＞（液状乳類）　生乳　ホルスタイン種　　,66
13003,＜牛乳及び乳製品＞（液状乳類）　普通牛乳　　　,67
13004,＜牛乳及び乳製品＞（液状乳類）　加工乳　濃厚　　,73
13005,＜牛乳及び乳製品＞（液状乳類）　加工乳　低脂肪　　,46
13006,＜牛乳及び乳製品＞（液状乳類）　脱脂乳　　　,33
13007,＜牛乳及び乳製品＞（液状乳類）　乳飲料　コーヒー　　,56
13008,＜牛乳及び乳製品＞（液状乳類）　乳飲料　フルーツ　　,46
13009,＜牛乳及び乳製品＞（粉乳類）　全粉乳　　　,500
13010,＜牛乳及び乳製品＞（粉乳類）　脱脂粉乳　　　,359
13011,＜牛乳及び乳製品＞（粉乳類）　乳児用調製粉乳　　　,514
13012,＜牛乳及び乳製品＞（練乳類）　無糖練乳　　　,144
13013,＜牛乳及び乳製品＞（練乳類）　加糖練乳　　　,332
13014,＜牛乳及び乳製品＞（クリーム類）　クリーム　乳脂肪　　,433
13015,＜牛乳及び乳製品＞（クリーム類）　クリーム　乳脂肪 ・ 植物性脂肪　　,409
13016,＜牛乳及び乳製品＞（クリーム類）　クリーム　植物性脂肪　　,392
13017,＜牛乳及び乳製品＞（クリーム類）　ホイップクリーム　乳脂肪　　,425
13018,＜牛乳及び乳製品＞（クリーム類）　ホイップクリーム　乳脂肪・植物性脂肪　　,413
13019,＜牛乳及び乳製品＞（クリーム類）　ホイップクリーム　植物性脂肪　　,402
13020,＜牛乳及び乳製品＞（クリーム類）　コーヒーホワイトナー　液状　乳脂肪　　,211
13021,＜牛乳及び乳製品＞（クリーム類）　コーヒーホワイトナー　液状　乳脂肪・植物性脂肪　　,228
13022,＜牛乳及び乳製品＞（クリーム類）　コーヒーホワイトナー　液状　植物性脂肪　　,248
13023,＜牛乳及び乳製品＞（クリーム類）　コーヒーホワイトナー　粉末状　乳脂肪　　,518
13024,＜牛乳及び乳製品＞（クリーム類）　コーヒーホワイトナー　粉末状　植物性脂肪　　,568
13025,＜牛乳及び乳製品＞（発酵乳・乳酸菌飲料）　ヨーグルト　全脂無糖　　,62
13053,＜牛乳及び乳製品＞（発酵乳・乳酸菌飲料）　ヨーグルト　低脂肪無糖　　,45
13054,＜牛乳及び乳製品＞（発酵乳・乳酸菌飲料）　ヨーグルト　無脂肪無糖　　,42
13026,＜牛乳及び乳製品＞（発酵乳・乳酸菌飲料）　ヨーグルト　脱脂加糖　　,67
13027,＜牛乳及び乳製品＞（発酵乳・乳酸菌飲料）　ヨーグルト　ドリンクタイプ　加糖　,65
13028,＜牛乳及び乳製品＞（発酵乳・乳酸菌飲料）　乳酸菌飲料　乳製品　　,71
13029,＜牛乳及び乳製品＞（発酵乳・乳酸菌飲料）　乳酸菌飲料　殺菌乳製品　　,217
13030,＜牛乳及び乳製品＞（発酵乳・乳酸菌飲料）　乳酸菌飲料　非乳製品　　,58
13031,＜牛乳及び乳製品＞（チーズ類）　ナチュラルチーズ　エダム　　,356
13032,＜牛乳及び乳製品＞（チーズ類）　ナチュラルチーズ　エメンタール　　,429
13033,＜牛乳及び乳製品＞（チーズ類）　ナチュラルチーズ　カテージ　　,105
13034,＜牛乳及び乳製品＞（チーズ類）　ナチュラルチーズ　カマンベール　　,310
13035,＜牛乳及び乳製品＞（チーズ類）　ナチュラルチーズ　クリーム　　,346
13036,＜牛乳及び乳製品＞（チーズ類）　ナチュラルチーズ　ゴーダ　　,380
13037,＜牛乳及び乳製品＞（チーズ類）　ナチュラルチーズ　チェダー　　,423
13038,＜牛乳及び乳製品＞（チーズ類）　ナチュラルチーズ　パルメザン　　,475
13039,＜牛乳及び乳製品＞（チーズ類）　ナチュラルチーズ　ブルー　　,349
13055,＜牛乳及び乳製品＞（チーズ類）　ナチュラルチーズ　マスカルポーネ　　,293
13056,＜牛乳及び乳製品＞（チーズ類）　ナチュラルチーズ　モッツァレラ　　,276
13057,＜牛乳及び乳製品＞（チーズ類）　ナチュラルチーズ　やぎ　　,296
13058,＜牛乳及び乳製品＞（チーズ類）　ナチュラルチーズ　リコッタ　　,162
13040,＜牛乳及び乳製品＞（チーズ類）　プロセスチーズ　　　,339
13041,＜牛乳及び乳製品＞（チーズ類）　チーズスプレッド　　　,305
13042,＜牛乳及び乳製品＞（アイスクリーム類）　アイスクリーム　高脂肪　　,212
13043,＜牛乳及び乳製品＞（アイスクリーム類）　アイスクリーム　普通脂肪　　,180
13044,＜牛乳及び乳製品＞（アイスクリーム類）　アイスミルク　　　,167
13045,＜牛乳及び乳製品＞（アイスクリーム類）　ラクトアイス　普通脂肪　　,224
13046,＜牛乳及び乳製品＞（アイスクリーム類）　ラクトアイス　低脂肪　　,108
13047,＜牛乳及び乳製品＞（アイスクリーム類）　ソフトクリーム　　　,146
13048,＜牛乳及び乳製品＞（その他）　カゼイン　　　,378
13049,＜牛乳及び乳製品＞（その他）　シャーベット　　　,127
13050,＜牛乳及び乳製品＞（その他）　チーズホエーパウダー　　　,362
13051,＜その他＞人乳　　　　,65
13052,＜その他＞やぎ乳　　　　,63
14023,（植物油脂類）　あまに油　,921
14024,（植物油脂類）　えごま油　,921
14001,（植物油脂類）　オリーブ油　　　,921
14002,（植物油脂類）　ごま油　　　,921
14003,（植物油脂類）　米ぬか油　　　,921
14004,（植物油脂類）　サフラワー油　ハイオレイック　,921
14025,（植物油脂類）　サフラワー油　ハイリノール　,921
14005,（植物油脂類）　大豆油　　　,921
14006,（植物油脂類）　調合油　　　,921
14007,（植物油脂類）　とうもろこし油　　　,921
14008,（植物油脂類）　なたね油　　　,921
14009,（植物油脂類）　パーム油　　　,921
14010,（植物油脂類）　パーム核油　　　,921
14011,（植物油脂類）　ひまわり油　ハイリノール　,921
14026,（植物油脂類）　ひまわり油  ミッドオレイック　　,921
14027,（植物油脂類）　ひまわり油　ハイオレイック　　,921
14028,（植物油脂類）　ぶどう油　　　,921
14012,（植物油脂類）　綿実油　　　,921
14013,（植物油脂類）　やし油　　　,921
14014,（植物油脂類）　落花生油　　　,921
14015,（動物脂類）　牛脂　　　,940
14016,（動物脂類）　ラード　　　,941
14017,（バター類）　有塩バター　　　,745
14018,（バター類）　食塩不使用バター　　　,763
14019,（バター類）　発酵バター　　　,752
14020,（マーガリン類）　ソフトタイプマーガリン　家庭用　,769
14029,（マーガリン類）　ソフトタイプマーガリン　業務用　,778
14021,（マーガリン類）　ファットスプレッド　　　,637
14022,（その他）　ショートニング　家庭用　　,920
14030,（その他）　ショートニング　業務用　製菓　　　,921
14031,（その他）　ショートニング　業務用　フライ　　　,920
15001,＜和生菓子・和半生菓子類＞甘納豆　あずき　　　,296
15002,＜和生菓子・和半生菓子類＞甘納豆　いんげんまめ　　　,302
15003,＜和生菓子・和半生菓子類＞甘納豆　えんどう　　　,310
15005,＜和生菓子・和半生菓子類＞今川焼　　　　,221
15006,＜和生菓子・和半生菓子類＞ういろう　　　　,183
15007,＜和生菓子・和半生菓子類＞うぐいすもち　　　　,241
15008,＜和生菓子・和半生菓子類＞かしわもち　　　　,206
15009,＜和生菓子・和半生菓子類＞カステラ　　　　,319
15010,＜和生菓子・和半生菓子類＞かのこ　　　　,264
15011,＜和生菓子・和半生菓子類＞かるかん　　　　,230
15012,＜和生菓子・和半生菓子類＞きび団子　　　　,304
15013,＜和生菓子・和半生菓子類＞ぎゅうひ　　　　,257
15014,＜和生菓子・和半生菓子類＞きりざんしょ　　　　,248
15015,＜和生菓子・和半生菓子類＞きんぎょく糖　　　　,288
15016,＜和生菓子・和半生菓子類＞きんつば　　　　,265
15017,＜和生菓子・和半生菓子類＞草もち　　　　,229
15018,＜和生菓子・和半生菓子類＞くし団子　あん　　　,201
15019,＜和生菓子・和半生菓子類＞くし団子　みたらし　　,197
15121,＜和生菓子・和半生菓子類＞くずもち　くずでん粉製品　　　,91
15122,＜和生菓子・和半生菓子類＞くずもち　小麦でん粉製品　,91
15020,＜和生菓子・和半生菓子類＞げっぺい　　　　,357
15123,＜和生菓子・和半生菓子類＞五平もち　,181
15021,＜和生菓子・和半生菓子類＞桜もち　関東風　　　,239
15022,＜和生菓子・和半生菓子類＞桜もち　関西風　　　,200
15124,＜和生菓子・和半生菓子類＞笹だんご　　　　,239
15023,＜和生菓子・和半生菓子類＞大福もち　　　　,235
15024,＜和生菓子・和半生菓子類＞タルト（和菓子）　　　　,293
15025,＜和生菓子・和半生菓子類＞ちまき　　　　,153
15026,＜和生菓子・和半生菓子類＞ちゃつう　　　　,328
15027,＜和生菓子・和半生菓子類＞どら焼　　　　,284
15004,＜和生菓子・和半生菓子類＞生八つ橋　あん入り　　　　,279
15028,＜和生菓子・和半生菓子類＞ねりきり　　　　,264
15029,＜和生菓子・和半生菓子類＞まんじゅう　カステラまんじゅう　　　,294
15030,＜和生菓子・和半生菓子類＞まんじゅう　くずまんじゅう　　　,220
15031,＜和生菓子・和半生菓子類＞まんじゅう　くりまんじゅう　　　,309
15032,＜和生菓子・和半生菓子類＞まんじゅう　とうまんじゅう　　　,297
15033,＜和生菓子・和半生菓子類＞まんじゅう　蒸しまんじゅう　　　,260
15034,＜和生菓子・和半生菓子類＞まんじゅう　中華まんじゅう　あんまん　　,280
15035,＜和生菓子・和半生菓子類＞まんじゅう　中華まんじゅう　肉まん　　,260
15036,＜和生菓子・和半生菓子類＞もなか　　　　,285
15037,＜和生菓子・和半生菓子類＞ゆべし　　　　,327
15038,＜和生菓子・和半生菓子類＞ようかん　練りようかん　　　,296
15039,＜和生菓子・和半生菓子類＞ようかん　水ようかん　　　,171
15040,＜和生菓子・和半生菓子類＞ようかん　蒸しようかん　　　,242
15041,＜和干菓子類＞あめ玉　　　　,390
15042,＜和干菓子類＞芋かりんとう　　　　,476
15043,＜和干菓子類＞おこし　　　　,383
15044,＜和干菓子類＞おのろけ豆　　　　,448
15045,＜和干菓子類＞かりんとう　黒　　　,440
15046,＜和干菓子類＞かりんとう　白　　　,444
15047,＜和干菓子類＞ごかぼう　　　　,387
15048,＜和干菓子類＞小麦粉せんべい　磯部せんべい　　　,381
15049,＜和干菓子類＞小麦粉せんべい　かわらせんべい　　　,398
15050,＜和干菓子類＞小麦粉せんべい　巻きせんべい　　　,392
15051,＜和干菓子類＞小麦粉せんべい　南部せんべい　ごま入り　　,431
15052,＜和干菓子類＞小麦粉せんべい　南部せんべい　落花生入り　　,428
15053,＜和干菓子類＞しおがま　　　　,355
15055,＜和干菓子類＞ひなあられ　関東風　　　,400
15056,＜和干菓子類＞ひなあられ　関西風　　　,398
15057,＜和干菓子類＞米菓　揚げせんべい　　　,465
15058,＜和干菓子類＞米菓　甘辛せんべい　　　,380
15059,＜和干菓子類＞米菓　あられ　　　,381
15060,＜和干菓子類＞米菓　しょうゆせんべい　　　,373
15061,＜和干菓子類＞ボーロ　小粒　　　,391
15062,＜和干菓子類＞ボーロ　そばボーロ　　　,406
15063,＜和干菓子類＞松風　　　　,381
15064,＜和干菓子類＞みしま豆　　　　,430
15065,＜和干菓子類＞八つ橋　　　　,394
15066,＜和干菓子類＞らくがん　らくがん　　　,389
15067,＜和干菓子類＞らくがん　麦らくがん　　　,397
15068,＜和干菓子類＞らくがん　もろこしらくがん　　　,389
15125,＜菓子パン類＞揚げパン　　　　,377
15069,＜菓子パン類＞あんパン　　　　,280
15126,＜菓子パン類＞あんパン　薄皮タイプ　,260
15127,＜菓子パン類＞カレーパン 皮及び具　,321
15128,＜菓子パン類＞カレーパン　皮のみ　,384
15129,＜菓子パン類＞カレーパン　具のみ　,180
15070,＜菓子パン類＞クリームパン　　　　,305
15130,＜菓子パン類＞クリームパン　薄皮タイプ　,227
15071,＜菓子パン類＞ジャムパン　　　　,297
15072,＜菓子パン類＞チョココロネ　　　　,337
15131,＜菓子パン類＞チョコパン　薄皮タイプ　,348
15132,＜菓子パン類＞メロンパン　　　　,366
15073,＜ケーキ・ペストリー類＞シュークリーム　　　　,228
15074,＜ケーキ・ペストリー類＞スポンジケーキ　　　　,298
15075,＜ケーキ・ペストリー類＞ショートケーキ 果実なし　　　　,327
15133,＜ケーキ・ペストリー類＞タルト（洋菓子）　　　　,262
15134,＜ケーキ・ペストリー類＞チーズケーキ　ベイクドチーズケーキ　　　,318
15135,＜ケーキ・ペストリー類＞チーズケーキ　レアチーズケーキ　　　,364
15076,＜ケーキ・ペストリー類＞デニッシュペストリー　　　　,417
15077,＜ケーキ・ペストリー類＞ドーナッツ　イーストドーナッツ　　　,386
15078,＜ケーキ・ペストリー類＞ドーナッツ　ケーキドーナッツ　　　,375
15079,＜ケーキ・ペストリー類＞パイ　パイ皮　　　,435
15080,＜ケーキ・ペストリー類＞パイ　アップルパイ　　　,304
15081,＜ケーキ・ペストリー類＞パイ　ミートパイ　　　,397
15082,＜ケーキ・ペストリー類＞バターケーキ　　　　,443
15083,＜ケーキ・ペストリー類＞ホットケーキ　　　　,261
15084,＜ケーキ・ペストリー類＞ワッフル　カスタードクリーム入り　　　,252
15085,＜ケーキ・ペストリー類＞ワッフル　ジャム入り　　　,287
15086,＜デザート菓子類＞カスタードプリン　　　　,126
15136,＜デザート菓子類＞牛乳寒天　　,65
15087,＜デザート菓子類＞ゼリー　オレンジ　　　,89
15088,＜デザート菓子類＞ゼリー　コーヒー　　　,48
15089,＜デザート菓子類＞ゼリー　ミルク　　　,109
15090,＜デザート菓子類＞ゼリー　ワイン　　　,66
15091,＜デザート菓子類＞ババロア　　　　,218
15092,＜ビスケット類＞ウエハース　　　　,454
15141,＜ビスケット類＞ウエハース、クリーム入り　,499
15093,＜ビスケット類＞クラッカー　オイルスプレークラッカー　　　,492
15094,＜ビスケット類＞クラッカー　ソーダクラッカー　　　,427
15095,＜ビスケット類＞サブレ　　　　,465
15054,＜ビスケット類＞中華風クッキー　　　　,533
15097,＜ビスケット類＞ビスケット　ハードビスケット　　　,432
15098,＜ビスケット類＞ビスケット　ソフトビスケット　　　,522
15099,＜ビスケット類＞プレッツェル　　　　,480
15096,＜ビスケット類＞リーフパイ　　　　,566
15100,＜ビスケット類＞ロシアケーキ　　　　,498
15101,＜スナック類＞小麦粉あられ　　　　,481
15102,＜スナック類＞コーンスナック　　　　,526
15103,＜スナック類＞ポテトチップス　ポテトチップス　　　,554
15104,＜スナック類＞ポテトチップス　成形ポテトチップス　　　,540
15109,＜キャンデー類＞かわり玉　　　　,385
15105,＜キャンデー類＞キャラメル　　　　,433
15107,＜キャンデー類＞ゼリーキャンデー　　　　,336
15108,＜キャンデー類＞ゼリービーンズ　　　　,362
15110,＜キャンデー類＞ドロップ　　　　,392
15111,＜キャンデー類＞バタースコッチ　　　　,423
15112,＜キャンデー類＞ブリットル　　　　,521
15113,＜キャンデー類＞マシュマロ　　　　,326
15106,＜キャンデー類＞ラムネ　,373
15137,＜チョコレート類＞アーモンドチョコレート　　　　,583
15114,＜チョコレート類＞カバーリングチョコレート　　　　,511
15115,＜チョコレート類＞ホワイトチョコレート　　　　,588
15116,＜チョコレート類＞ミルクチョコレート　　　　,558
15117,＜果実菓子類＞マロングラッセ　　　　,317
15118,＜チューインガム類＞板ガム　　　　,388
15119,＜チューインガム類＞糖衣ガム　　　　,390
15120,＜チューインガム類＞風船ガム　　　　,387
15138,＜その他＞カスタードクリーム　　　　,187
15139,＜その他＞しるこ　こしあん　,216
15140,＜その他＞しるこ　つぶしあん　,183
16001,＜アルコール飲料類＞（醸造酒類）　清酒　普通酒　　,109
16002,＜アルコール飲料類＞（醸造酒類）　清酒　純米酒　　,103
16003,＜アルコール飲料類＞（醸造酒類）　清酒　本醸造酒　　,107
16004,＜アルコール飲料類＞（醸造酒類）　清酒　吟醸酒　　,104
16005,＜アルコール飲料類＞（醸造酒類）　清酒　純米吟醸酒　　,103
16006,＜アルコール飲料類＞（醸造酒類）　ビール　淡色　　,40
16007,＜アルコール飲料類＞（醸造酒類）　ビール　黒　　,46
16008,＜アルコール飲料類＞（醸造酒類）　ビール　スタウト　　,63
16009,＜アルコール飲料類＞（醸造酒類）　発泡酒　　　,45
16010,＜アルコール飲料類＞（醸造酒類）　ぶどう酒　白　　,73
16011,＜アルコール飲料類＞（醸造酒類）　ぶどう酒　赤　　,73
16012,＜アルコール飲料類＞（醸造酒類）　ぶどう酒　ロゼ　　,77
16013,＜アルコール飲料類＞（醸造酒類）　紹興酒　　　　,127
16014,＜アルコール飲料類＞（蒸留酒類）しょうちゅう　連続式蒸留しょうちゅう　　,206
16015,＜アルコール飲料類＞（蒸留酒類）しょうちゅう　単式蒸留しょうちゅう　　,146
16016,＜アルコール飲料類＞（蒸留酒類）ウイスキー　　　,237
16017,＜アルコール飲料類＞（蒸留酒類）ブランデー　　　,237
16018,＜アルコール飲料類＞（蒸留酒類）ウオッカ　　　,240
16019,＜アルコール飲料類＞（蒸留酒類）ジン　　　,284
16020,＜アルコール飲料類＞（蒸留酒類）ラム　　　,240
16021,＜アルコール飲料類＞（蒸留酒類）マオタイ酒　　　,322
16022,＜アルコール飲料類＞（混成酒類）梅酒　　　,156
16023,＜アルコール飲料類＞（混成酒類）合成清酒　　　,109
16024,＜アルコール飲料類＞（混成酒類）白酒　　　,238
16025,＜アルコール飲料類＞（混成酒類）みりん　本みりん　　,241
16026,＜アルコール飲料類＞（混成酒類）みりん　本直し　　,181
16027,＜アルコール飲料類＞（混成酒類）薬味酒　　　,182
16028,＜アルコール飲料類＞（混成酒類）キュラソー　　　,322
16029,＜アルコール飲料類＞（混成酒類）スイートワイン　　　,133
16030,＜アルコール飲料類＞（混成酒類）ペパーミント　　　,302
16031,＜アルコール飲料類＞（混成酒類）ベルモット　甘口タイプ　　,152
16032,＜アルコール飲料類＞（混成酒類）ベルモット　辛口タイプ　　,117
16033,＜茶類＞　（緑茶類）　玉露　茶　,329
16034,＜茶類＞　（緑茶類）　玉露　浸出液　,5
16035,＜茶類＞　（緑茶類）　抹茶　　,324
16036,＜茶類＞　（緑茶類）　せん茶　茶　,331
16037,＜茶類＞　（緑茶類）　せん茶　浸出液　,2
16038,＜茶類＞　（緑茶類）　かまいり茶　浸出液　,0
16039,＜茶類＞　（緑茶類）　番茶　浸出液　,0
16040,＜茶類＞　（緑茶類）　ほうじ茶　浸出液　,0
16041,＜茶類＞　（緑茶類）　玄米茶　浸出液　,0
16042,＜茶類＞　（発酵茶類）　ウーロン茶　浸出液　,0
16043,＜茶類＞　（発酵茶類）　紅茶　茶　,311
16044,＜茶類＞　（発酵茶類）　紅茶　浸出液　,1
16045,＜コーヒー・ココア類＞　コーヒー　浸出液　　,4
16046,＜コーヒー・ココア類＞　コーヒー　インスタントコーヒー　　,288
16047,＜コーヒー・ココア類＞　コーヒー　コーヒー飲料　乳成分入り　加糖　　,38
16048,＜コーヒー・ココア類＞　ココア　ピュアココア　　,271
16049,＜コーヒー・ココア類＞　ココア　ミルクココア　　,412
16056,＜その他＞　青汁　ケール　,375
16050,＜その他＞　甘酒　　　,81
16051,＜その他＞　昆布茶　　　,98
16057,＜その他＞　スポーツドリンク　　　,21
16052,＜その他＞　（炭酸飲料類）　果実色飲料　　,51
16053,＜その他＞　（炭酸飲料類）　コーラ　　,46
16054,＜その他＞　（炭酸飲料類）　サイダー　　,41
16058,＜その他＞　（炭酸飲料類）　ビール風味炭酸飲料　　,5
16055,＜その他＞　麦茶　浸出液　　,1
17001,＜調味料類＞（ウスターソース類）　ウスターソース　　　,117
17002,＜調味料類＞（ウスターソース類）　中濃ソース　　　,132
17003,＜調味料類＞（ウスターソース類）　濃厚ソース　　　,132
17085,＜調味料類＞（ウスターソース類）　お好み焼きソース　　　,148
17004,＜調味料類＞（辛味調味料類）　トウバンジャン　　　,60
17005,＜調味料類＞（辛味調味料類）　チリペッパーソース　　　,55
17006,＜調味料類＞（辛味調味料類）　ラー油　　　,919
17007,＜調味料類＞（しょうゆ類）こいくちしょうゆ　　　,71
17008,＜調味料類＞（しょうゆ類）うすくちしょうゆ　　　,54
17009,＜調味料類＞（しょうゆ類）たまりしょうゆ　　　,111
17010,＜調味料類＞（しょうゆ類）さいしこみしょうゆ　　　,102
17011,＜調味料類＞（しょうゆ類）しろしょうゆ　　　,87
17086,＜調味料類＞（しょうゆ類）減塩しょうゆ　こいくち　,69
17087,＜調味料類＞（しょうゆ類）だししょうゆ　,37
17088,＜調味料類＞（しょうゆ類）照りしょうゆ　,170
17012,＜調味料類＞（食塩類）食塩　　　,0
17013,＜調味料類＞（食塩類）並塩　　　,0
17014,＜調味料類＞（食塩類）精製塩　家庭用　　,0
17089,＜調味料類＞（食塩類）精製塩　業務用　　,0
17090,＜調味料類＞（食酢類）黒酢　　　,54
17015,＜調味料類＞（食酢類）穀物酢　　　,25
17016,＜調味料類＞（食酢類）米酢　　　,46
17091,＜調味料類＞（食酢類）果実酢　バルサミコ酢　　,99
17017,＜調味料類＞（食酢類）果実酢　ぶどう酢　　,22
17018,＜調味料類＞（食酢類）果実酢　りんご酢　　,26
17019,＜調味料類＞（だし類）かつおだし　　　,3
17020,＜調味料類＞（だし類）昆布だし　　　,4
17021,＜調味料類＞（だし類）かつお・昆布だし　　　,2
17022,＜調味料類＞（だし類）しいたけだし　　　,4
17023,＜調味料類＞（だし類）煮干しだし　　　,1
17024,＜調味料類＞（だし類）鳥がらだし　　　,7
17025,＜調味料類＞（だし類）中華だし　　　,3
17026,＜調味料類＞（だし類）洋風だし　　　,6
17027,＜調味料類＞（だし類）固形ブイヨン　,235
17092,＜調味料類＞（だし類）顆粒おでん用　,168
17093,＜調味料類＞（だし類）顆粒中華だし　　　,211
17028,＜調味料類＞（だし類）顆粒和風だし　　　,224
17029,＜調味料類＞（だし類）めんつゆ　ストレート　　,44
17030,＜調味料類＞（だし類）めんつゆ　三倍濃厚　　,98
17094,＜調味料類＞（調味ソース類）甘酢　　　,125
17095,＜調味料類＞（調味ソース類）エビチリの素　　　,55
17031,＜調味料類＞（調味ソース類）オイスターソース　　　,107
17096,＜調味料類＞（調味ソース類）黄身酢　　　,230
17097,＜調味料類＞（調味ソース類）ごま酢　　　,217
17098,＜調味料類＞（調味ソース類）ごまだれ　　　,285
17099,＜調味料類＞（調味ソース類）三杯酢　　　,86
17100,＜調味料類＞（調味ソース類）二杯酢　,57
17101,＜調味料類＞（調味ソース類）すし酢　ちらし・稲荷用　,150
17102,＜調味料類＞（調味ソース類）すし酢　にぎり用　,70
17103,＜調味料類＞（調味ソース類）すし酢　巻き寿司・箱寿司用　,107
17104,＜調味料類＞（調味ソース類）中華風合わせ酢　　,151
17105,＜調味料類＞（調味ソース類）デミグラスソース　　　,82
17106,＜調味料類＞（調味ソース類）テンメンジャン　　　,256
17107,＜調味料類＞（調味ソース類）ナンプラー　　　,48
17108,＜調味料類＞（調味ソース類）冷やし中華のたれ　　　,57
17109,＜調味料類＞（調味ソース類）ホワイトソース　　　,99
17110,＜調味料類＞（調味ソース類）ぽん酢しょうゆ　　,47
17032,＜調味料類＞（調味ソース類）マーボー豆腐の素　　　,115
17111,＜調味料類＞（調味ソース類）マリネ液　　　,68
17033,＜調味料類＞（調味ソース類）ミートソース　　　,101
17112,＜調味料類＞（調味ソース類）焼き鳥のたれ　　　,131
17113,＜調味料類＞（調味ソース類）焼き肉のたれ　　　,169
17114,＜調味料類＞（調味ソース類）みたらしのたれ　　　,128
17115,＜調味料類＞（調味ソース類）ゆずこしょう　　　,49
17034,＜調味料類＞（トマト加工品類）トマトピューレー　　　,41
17035,＜調味料類＞（トマト加工品類）トマトペースト　　　,89
17036,＜調味料類＞（トマト加工品類）トマトケチャップ　　　,119
17037,＜調味料類＞（トマト加工品類）トマトソース　　　,44
17038,＜調味料類＞（トマト加工品類）チリソース　　　,115
17039,＜調味料類＞（ドレッシング類）和風ドレッシングタイプ調味料　　　,82
17040,＜調味料類＞（ドレッシング類）フレンチドレッシング　　　,406
17116,＜調味料類＞（ドレッシング類）和風ドレッシング　　　,198
17117,＜調味料類＞（ドレッシング類）ごまドレッシング　　　,360
17041,＜調味料類＞（ドレッシング類）サウザンアイランドドレッシング　　　,416
17042,＜調味料類＞（ドレッシング類）マヨネーズ　全卵型　　,703
17043,＜調味料類＞（ドレッシング類）マヨネーズ　卵黄型　　,670
17118,＜調味料類＞（ドレッシング類）マヨネーズタイプ調味料　低カロリータイプ　　,282
17044,＜調味料類＞（みそ類）米みそ　甘みそ　　,217
17045,＜調味料類＞（みそ類）米みそ　淡色辛みそ　　,192
17046,＜調味料類＞（みそ類）米みそ　赤色辛みそ　　,186
17047,＜調味料類＞（みそ類）麦みそ　　　,198
17048,＜調味料類＞（みそ類）豆みそ　　　,217
17119,＜調味料類＞（みそ類）減塩みそ　　　,192
17120,＜調味料類＞（みそ類）だし入りみそ　　　,194
17049,＜調味料類＞（みそ類）即席みそ　粉末タイプ　　,343
17050,＜調味料類＞（みそ類）即席みそ　ペーストタイプ　　,131
17121,＜調味料類＞（みそ類）辛子酢みそ　　,221
17122,＜調味料類＞（みそ類）ごまみそ　　,258
17123,＜調味料類＞（みそ類）酢みそ　　,216
17124,＜調味料類＞（みそ類）練りみそ　　,273
17051,＜調味料類＞（ルウ類）　カレールウ　　　,512
17052,＜調味料類＞（ルウ類）　ハヤシルウ　　　,512
17125,＜調味料類＞（その他）　お茶漬けの素　さけ　　,264
17053,＜調味料類＞（その他）　酒かす　　　,227
17126,＜調味料類＞（その他）　即席すまし汁　　,203
17127,＜調味料類＞（その他）　ふりかけ　たまご　　,450
17054,＜調味料類＞（その他）　みりん風調味料　　　,226
17055,＜香辛料類＞オールスパイス　粉　　　,374
17056,＜香辛料類＞オニオンパウダー　　　　,364
17057,＜香辛料類＞からし　粉　　　,436
17058,＜香辛料類＞からし　練り　　　,315
17059,＜香辛料類＞からし　練りマスタード　　　,174
17060,＜香辛料類＞からし　粒入りマスタード　　　,229
17061,＜香辛料類＞カレー粉　　　　,415
17062,＜香辛料類＞クローブ　粉　　　,417
17063,＜香辛料類＞こしょう　黒　粉　　　,364
17064,＜香辛料類＞こしょう　白　粉　　　,378
17065,＜香辛料類＞こしょう　混合　粉　　　,371
17066,＜香辛料類＞さんしょう　粉　　　,375
17067,＜香辛料類＞シナモン　粉　　　,364
17068,＜香辛料類＞しょうが　粉　　　,365
17069,＜香辛料類＞しょうが　おろし　　　,43
17070,＜香辛料類＞セージ　粉　　　,384
17071,＜香辛料類＞タイム　粉　　　,352
17072,＜香辛料類＞チリパウダー　　　　,374
17073,＜香辛料類＞とうがらし　粉　　　,419
17074,＜香辛料類＞ナツメグ　粉　　　,559
17075,＜香辛料類＞にんにく　ガーリックパウダー　食塩無添加　　,382
17128,＜香辛料類＞にんにく　ガーリックパウダー　食塩添加　　,382
17076,＜香辛料類＞にんにく　おろし　　　,171
17077,＜香辛料類＞バジル　粉　　　,307
17078,＜香辛料類＞パセリ　乾　　　,341
17079,＜香辛料類＞パプリカ　粉　　　,389
17080,＜香辛料類＞わさび　粉　からし粉入り　　　,384
17081,＜香辛料類＞わさび　練り　　　,265
17082,＜その他＞酵母　パン酵母　圧搾　　　,103
17083,＜その他＞酵母　パン酵母　乾燥　　　,313
17129,＜その他＞天ぷら用バッター　　,137
17084,＜その他＞ベーキングパウダー　　　　,127
18001,カレー　ビーフ　レトルトパウチ　　　,118
18002,ぎょうざ　冷凍　　　,197
18003,グラタン　えび　冷凍　　　,133
18004,コーンクリームスープ　粉末タイプ　　　,425
18005,コーンクリームスープ　レトルトパウチ　　　,86
18006,コロッケ　クリームタイプ　フライ用　冷凍　　　,159
18017,コロッケ　クリームタイプ　フライ済み　冷凍　　　,256
18007,コロッケ　ポテトタイプ　フライ用　冷凍　　　,164
18018,コロッケ　ポテトタイプ　フライ済み　冷凍　　　,279
18008,（魚フライ類）いかフライ　フライ用　冷凍　　　,146
18019,（魚フライ類）いかフライ　フライ済み　冷凍　　　,329
18009,（魚フライ類）えびフライ　フライ用　冷凍　　　,139
18020,（魚フライ類）えびフライ　フライ済み　冷凍　　　,292
18010,（魚フライ類）白身フライ　フライ用　冷凍　　　,148
18021,（魚フライ類）白身フライ　フライ済み　冷凍　　　,300
18011,シチュー　ビーフ　レトルトパウチ　　　,118
18012,しゅうまい　冷凍　　　,215
18013,ハンバーグ　冷凍　　　,223
18014,ピラフ　冷凍　　　,161
18015,ミートボール　冷凍　　　,244
18016,メンチカツ　フライ用　冷凍　　　,196
18022,メンチカツ　フライ済み　冷凍　,308
